,AIBN-0,Temperature,BA-0,BA-1,BA-2,BA-3,BA-4,BA-5,BA-6,BA-7,BA-8,BA-9,BA-10,BA-11,BA-12
060-050-025,0.0025,60,0.5,0.486936,0.474398,0.462475,0.451174,0.440398,0.430104,0.420218,0.410828,0.401778,0.393161,0.384878,0.376913
060-050-050,0.005,60,0.5,0.481552,0.464332,0.448293,0.433244,0.419132,0.405863,0.393366,0.381569,0.370444,0.359902,0.349944,0.340494
060-050-075,0.0075,60,0.5,0.477503,0.456797,0.437742,0.420117,0.403769,0.388635,0.37458,0.361404,0.349063,0.337541,0.326723,0.316523
060-050-100,0.01,60,0.5,0.47423,0.450703,0.429353,0.409809,0.391848,0.37529,0.359995,0.345877,0.332768,0.320558,0.309157,0.298486
060-050-125,0.0125,60,0.5,0.471206,0.445396,0.422091,0.400957,0.381657,0.364057,0.347929,0.333121,0.319431,0.306785,0.295028,0.284062
060-050-150,0.015,60,0.5,0.468601,0.440608,0.415608,0.393113,0.372823,0.354365,0.337546,0.322166,0.308031,0.295042,0.28302,0.271891
060-050-175,0.0175,60,0.5,0.466207,0.436278,0.409815,0.386167,0.364988,0.345874,0.328497,0.31269,0.298249,0.285013,0.272824,0.261554
060-050-200,0.02,60,0.5,0.463909,0.432336,0.404491,0.379783,0.35778,0.338044,0.320239,0.3041,0.289423,0.275986,0.263666,0.252311
060-100-025,0.0025,60,1.0,0.953359,0.910414,0.870951,0.83442,0.801083,0.769968,0.741077,0.71429,0.689125,0.665587,0.643517,0.622842
060-100-050,0.005,60,1.0,0.934881,0.877232,0.825825,0.779742,0.738294,0.700741,0.666686,0.635623,0.607196,0.581143,0.557123,0.534897
060-100-075,0.0075,60,1.0,0.921627,0.853127,0.793909,0.741882,0.696002,0.655035,0.618373,0.585488,0.555761,0.528741,0.504042,0.48143
060-100-100,0.01,60,1.0,0.91002,0.833884,0.768716,0.712405,0.663422,0.62036,0.582305,0.548401,0.517973,0.490664,0.465938,0.443474
060-100-125,0.0125,60,1.0,0.900506,0.817488,0.747731,0.688351,0.637203,0.592617,0.553574,0.519063,0.488404,0.461028,0.436333,0.414118
060-100-150,0.015,60,1.0,0.891801,0.803312,0.729832,0.667887,0.61505,0.569464,0.529871,0.495165,0.464424,0.437051,0.41265,0.390651
060-100-175,0.0175,60,1.0,0.883961,0.790235,0.713362,0.649305,0.595218,0.549074,0.509075,0.474235,0.443628,0.41649,0.392379,0.370731
060-100-200,0.02,60,1.0,0.876761,0.778687,0.699258,0.633564,0.578539,0.531787,0.491584,0.456773,0.426319,0.399373,0.375458,0.354063
060-150-025,0.0025,60,1.5,1.40342,1.31704,1.23972,1.1709,1.10852,1.05232,1.0013,0.954314,0.911434,0.872158,0.835896,0.802263
060-150-050,0.005,60,1.5,1.36671,1.25264,1.1554,1.07074,0.997229,0.932527,0.875353,0.824328,0.778383,0.737249,0.699841,0.66597
060-150-075,0.0075,60,1.5,1.33918,1.20676,1.09661,1.00403,0.924686,0.856226,0.796717,0.744502,0.698425,0.657367,0.620563,0.58757
060-150-100,0.01,60,1.5,1.31689,1.17047,1.05118,0.952773,0.870155,0.800009,0.73964,0.687313,0.641482,0.601067,0.565148,0.533052
060-150-125,0.0125,60,1.5,1.29804,1.13969,1.01406,0.911661,0.826823,0.755749,0.695103,0.643153,0.597976,0.558464,0.523494,0.492409
060-150-150,0.015,60,1.5,1.28102,1.11366,0.982517,0.877192,0.791155,0.719477,0.659055,0.607546,0.563105,0.524388,0.490336,0.460248
060-150-175,0.0175,60,1.5,1.26605,1.09096,0.955257,0.847804,0.760764,0.688966,0.62895,0.577947,0.534235,0.49626,0.463021,0.43376
060-150-200,0.02,60,1.5,1.25226,1.06962,0.930708,0.821721,0.734239,0.662586,0.603027,0.552697,0.509646,0.472524,0.440119,0.411673
060-200-025,0.0025,60,2.0,1.83933,1.70044,1.57933,1.47279,1.37894,1.29547,1.22073,1.15363,1.09288,1.03793,0.988012,0.942369
060-200-050,0.005,60,2.0,1.78033,1.59882,1.4489,1.32236,1.21482,1.1224,1.04247,0.972394,0.91039,0.855582,0.806492,0.762448
060-200-075,0.0075,60,2.0,1.73703,1.52863,1.36157,1.22491,1.11145,1.01615,0.934988,0.865168,0.804339,0.751185,0.70409,0.662441
060-200-100,0.01,60,2.0,1.70083,1.4727,1.29452,1.15211,1.036,0.93985,0.85901,0.79027,0.731197,0.679892,0.634936,0.595213
060-200-125,0.0125,60,2.0,1.67026,1.4264,1.23983,1.0939,0.976652,0.880687,0.800865,0.733621,0.676201,0.626736,0.583674,0.545693
060-200-150,0.015,60,2.0,1.64439,1.38691,1.19428,1.04589,0.928367,0.833085,0.754443,0.688753,0.63294,0.584979,0.543375,0.507029
060-200-175,0.0175,60,2.0,1.62067,1.353,1.15601,1.0058,0.887879,0.793446,0.716202,0.651835,0.597406,0.550834,0.510637,0.475684
060-200-200,0.02,60,2.0,1.59861,1.32138,1.12095,0.96995,0.852477,0.758981,0.683035,0.619929,0.566845,0.521721,0.482848,0.449079
060-250-025,0.0025,60,2.5,2.26392,2.06409,1.89425,1.74725,1.61983,1.50869,1.41045,1.32336,1.24575,1.176,1.11309,1.05611
060-250-050,0.005,60,2.5,2.17753,1.92175,1.714,1.54419,1.40326,1.28359,1.18119,1.09307,1.01666,0.949397,0.889996,0.837224
060-250-075,0.0075,60,2.5,2.11569,1.82348,1.59662,1.41569,1.26885,1.14829,1.04701,0.961271,0.887666,0.823843,0.768175,0.719154
060-250-100,0.01,60,2.5,2.06585,1.74737,1.50739,1.32114,1.17345,1.05335,0.954527,0.871269,0.800672,0.739982,0.687556,0.641586
060-250-125,0.0125,60,2.5,2.02344,1.68552,1.43688,1.24802,1.09976,0.981047,0.883892,0.803681,0.73581,0.67818,0.628246,0.58481
060-250-150,0.015,60,2.5,1.98543,1.63165,1.37722,1.18653,1.03966,0.922964,0.828323,0.750277,0.685033,0.629649,0.582128,0.540845
060-250-175,0.0175,60,2.5,1.95287,1.58555,1.32636,1.1353,0.989051,0.874368,0.782108,0.706561,0.643534,0.590268,0.544715,0.505291
060-250-200,0.02,60,2.5,1.92324,1.54534,1.28298,1.09194,0.947258,0.834274,0.74401,0.670393,0.609356,0.557899,0.514006,0.476129
060-300-025,0.0025,60,3.0,2.6785,2.41144,2.1868,1.99741,1.83562,1.69591,1.57427,1.46748,1.3736,1.29005,1.21582,1.14892
060-300-050,0.005,60,3.0,2.56288,2.22405,1.95712,1.74282,1.56703,1.42107,1.29784,1.19323,1.10307,1.02477,0.956408,0.896132
060-300-075,0.0075,60,3.0,2.47985,2.0983,1.80885,1.58356,1.4046,1.2597,1.14007,1.03983,0.95493,0.882095,0.818959,0.763727
060-300-100,0.01,60,3.0,2.41362,2.00027,1.69756,1.46865,1.2902,1.14768,1.03212,0.936241,0.855626,0.787198,0.728339,0.677168
060-300-125,0.0125,60,3.0,2.35638,1.91953,1.60915,1.37856,1.2021,1.06272,0.950825,0.858884,0.782276,0.717607,0.662247,0.614334
060-300-150,0.015,60,3.0,2.30789,1.8523,1.53604,1.30542,1.13129,0.995354,0.887084,0.798663,0.7253,0.663713,0.611254,0.566045
060-300-175,0.0175,60,3.0,2.26576,1.79489,1.47431,1.2449,1.07306,0.940398,0.835317,0.749955,0.679529,0.620594,0.570668,0.527708
060-300-200,0.02,60,3.0,2.22533,1.74328,1.42082,1.19238,1.02316,0.893213,0.791206,0.708897,0.64122,0.584686,0.536814,0.495788
063-050-025,0.0025,63,0.5,0.483327,0.467669,0.452953,0.439139,0.426129,0.413856,0.402233,0.391202,0.380738,0.370813,0.361361,0.352379
063-050-050,0.005,63,0.5,0.47666,0.455194,0.43551,0.417398,0.400698,0.385212,0.370835,0.35745,0.344922,0.333248,0.322291,0.31203
063-050-075,0.0075,63,0.5,0.471628,0.445978,0.422853,0.401975,0.382882,0.365478,0.34949,0.334807,0.321245,0.308704,0.297022,0.286163
063-050-100,0.01,63,0.5,0.467315,0.438426,0.412657,0.389598,0.368926,0.350192,0.333186,0.317672,0.303443,0.290367,0.278303,0.267157
063-050-125,0.0125,63,0.5,0.463664,0.431906,0.403951,0.379236,0.357256,0.337462,0.319671,0.303566,0.288877,0.27548,0.263214,0.251921
063-050-150,0.015,63,0.5,0.460319,0.426066,0.396311,0.370265,0.347191,0.326631,0.308234,0.291713,0.276755,0.26316,0.250778,0.239412
063-050-175,0.0175,63,0.5,0.457329,0.420887,0.389516,0.362275,0.338361,0.317199,0.29837,0.281513,0.26636,0.252633,0.240165,0.228771
063-050-200,0.02,63,0.5,0.454558,0.416058,0.383287,0.355009,0.330317,0.308653,0.289496,0.27242,0.257109,0.243314,0.23083,0.219465
063-100-025,0.0025,63,1.0,0.940936,0.887895,0.840227,0.797236,0.758257,0.722727,0.690219,0.660447,0.633075,0.607719,0.58427,0.562464
063-100-050,0.005,63,1.0,0.918538,0.848238,0.787305,0.73406,0.68742,0.64602,0.608957,0.575802,0.545894,0.518856,0.494221,0.47173
063-100-075,0.0075,63,1.0,0.901501,0.819476,0.750353,0.691348,0.640493,0.596392,0.557495,0.523168,0.492637,0.465265,0.44073,0.41847
063-100-100,0.01,63,1.0,0.887857,0.79654,0.721344,0.658499,0.605085,0.559327,0.519587,0.484821,0.454189,0.427108,0.402939,0.381223
063-100-125,0.0125,63,1.0,0.875873,0.77738,0.697568,0.631793,0.576713,0.530105,0.490026,0.455274,0.424929,0.398109,0.374402,0.353138
063-100-150,0.015,63,1.0,0.865476,0.760669,0.677166,0.609254,0.553121,0.505903,0.465713,0.431157,0.401011,0.374677,0.351313,0.330564
063-100-175,0.0175,63,1.0,0.855731,0.745621,0.659201,0.589568,0.532651,0.485178,0.445026,0.410723,0.380973,0.355023,0.332176,0.31192
063-100-200,0.02,63,1.0,0.847465,0.732491,0.643402,0.572599,0.515083,0.46741,0.42728,0.39319,0.363812,0.338276,0.315874,0.296081
063-150-025,0.0025,63,1.5,1.37859,1.27353,1.18254,1.10305,1.03248,0.97001,0.914552,0.864658,0.819694,0.778848,0.741712,0.707737
063-150-050,0.005,63,1.5,1.33275,1.19697,1.08432,0.990204,0.910255,0.841247,0.781497,0.72927,0.683282,0.642575,0.606156,0.573464
063-150-075,0.0075,63,1.5,1.30016,1.14339,1.01833,0.916345,0.832061,0.761095,0.700979,0.648919,0.603794,0.564193,0.52928,0.498231
063-150-100,0.01,63,1.5,1.27295,1.10123,0.968093,0.861915,0.775521,0.703951,0.643881,0.592744,0.548752,0.510539,0.477052,0.447474
063-150-125,0.0125,63,1.5,1.25038,1.06677,0.927253,0.818164,0.730856,0.659508,0.600134,0.550072,0.507293,0.470368,0.438229,0.409875
063-150-150,0.015,63,1.5,1.23043,1.0374,0.893617,0.782724,0.694971,0.623973,0.565349,0.516416,0.4748,0.439012,0.407963,0.380788
063-150-175,0.0175,63,1.5,1.21276,1.0116,0.864112,0.752223,0.664504,0.59413,0.53642,0.488361,0.447823,0.413145,0.383187,0.357062
063-150-200,0.02,63,1.5,1.19643,0.988486,0.8384,0.725742,0.638187,0.56854,0.511742,0.464761,0.425161,0.391444,0.362412,0.337126
063-200-025,0.0025,63,2.0,1.79909,1.63156,1.49009,1.3696,1.26589,1.17587,1.09731,1.0276,0.965771,0.910724,0.861381,0.816619
063-200-050,0.005,63,2.0,1.72682,1.51306,1.34289,1.20477,1.09086,0.995282,0.914141,0.844758,0.784634,0.732137,0.685843,0.644786
063-200-075,0.0075,63,2.0,1.67438,1.43187,1.24632,1.10087,0.983943,0.888044,0.808225,0.740875,0.68343,0.633756,0.590444,0.552515
063-200-100,0.01,63,2.0,1.63146,1.36853,1.17365,1.02474,0.906947,0.812319,0.734592,0.669623,0.614859,0.567856,0.527193,0.491666
063-200-125,0.0125,63,2.0,1.59573,1.31724,1.11607,0.965267,0.84808,0.755001,0.679422,0.616808,0.564172,0.51943,0.480926,0.447458
063-200-150,0.015,63,2.0,1.5652,1.27457,1.06907,0.917218,0.801033,0.709586,0.635926,0.575319,0.524596,0.481705,0.445035,0.41319
063-200-175,0.0175,63,2.0,1.53831,1.23722,1.02906,0.876947,0.761789,0.672135,0.600208,0.541475,0.49263,0.451441,0.416222,0.38582
063-200-200,0.02,63,2.0,1.51259,1.2037,0.993259,0.841592,0.727969,0.63986,0.569867,0.512745,0.465456,0.4258,0.391914,0.362719
063-250-025,0.0025,63,2.5,2.20713,1.96853,1.77255,1.60897,1.47071,1.353,1.25133,1.16279,1.08543,1.01707,0.956391,0.902425
063-250-050,0.005,63,2.5,2.10089,1.80169,1.57105,1.38897,1.24257,1.12214,1.02161,0.936505,0.863803,0.801051,0.746306,0.698321
063-250-075,0.0075,63,2.5,2.02623,1.6906,1.44339,1.25492,1.10689,0.988419,0.891663,0.811257,0.743335,0.685249,0.635188,0.591705
063-250-100,0.01,63,2.5,1.96689,1.60653,1.35042,1.16009,1.01375,0.898217,0.80497,0.728375,0.664361,0.610129,0.563682,0.523505
063-250-125,0.0125,63,2.5,1.91866,1.53974,1.27697,1.08615,0.941884,0.82976,0.740219,0.667086,0.606327,0.555216,0.511567,0.474054
063-250-150,0.015,63,2.5,1.87559,1.48186,1.21601,1.02609,0.884608,0.775519,0.689132,0.619017,0.56113,0.512652,0.471529,0.436219
063-250-175,0.0175,63,2.5,1.8369,1.43218,1.16473,0.975917,0.836835,0.730669,0.647112,0.579866,0.524493,0.478291,0.439148,0.405633
063-250-200,0.02,63,2.5,1.80297,1.389,1.12013,0.933415,0.796951,0.693587,0.612491,0.54742,0.494317,0.449999,0.412552,0.380518
063-300-025,0.0025,63,3.0,2.60064,2.284,2.02917,1.82173,1.64979,1.50488,1.38208,1.27642,1.18483,1.10492,1.0343,0.971732
063-300-050,0.005,63,3.0,2.4602,2.06974,1.77591,1.55042,1.3724,1.22826,1.10997,1.01098,0.927319,0.855839,0.794236,0.740234
063-300-075,0.0075,63,3.0,2.36261,1.92859,1.61879,1.38823,1.21193,1.07249,0.960457,0.868318,0.791168,0.72617,0.670405,0.622281
063-300-100,0.01,63,3.0,2.28604,1.82314,1.50456,1.27431,1.10139,0.967286,0.860487,0.773719,0.702213,0.642115,0.591091,0.547164
063-300-125,0.0125,63,3.0,2.22108,1.73721,1.41408,1.18576,1.01727,0.888194,0.786638,0.704733,0.637544,0.581522,0.53395,0.493314
063-300-150,0.015,63,3.0,2.16488,1.66548,1.34103,1.11551,0.951492,0.82713,0.729853,0.651982,0.588326,0.535414,0.490743,0.452635
063-300-175,0.0175,63,3.0,2.11661,1.60528,1.28007,1.0579,0.897733,0.777259,0.683742,0.609346,0.548838,0.498579,0.456295,0.420302
063-300-200,0.02,63,3.0,2.07135,1.55099,1.22639,1.00781,0.851472,0.735039,0.645055,0.573636,0.515696,0.467744,0.427557,0.393446
065-050-025,0.0025,65,0.5,0.480516,0.462376,0.44551,0.429852,0.415189,0.401524,0.388655,0.37659,0.365179,0.354463,0.344349,0.334782
065-050-050,0.005,65,0.5,0.472764,0.448126,0.42577,0.405467,0.386937,0.369994,0.354352,0.339995,0.326698,0.314389,0.302939,0.292263
065-050-075,0.0075,65,0.5,0.466834,0.437439,0.411436,0.388262,0.367436,0.348631,0.331533,0.315993,0.301761,0.288701,0.276677,0.265572
065-050-100,0.01,65,0.5,0.462012,0.428985,0.400143,0.374754,0.352237,0.33212,0.314051,0.297782,0.283009,0.269557,0.257282,0.246011
065-050-125,0.0125,65,0.5,0.457715,0.421525,0.390411,0.363313,0.339496,0.318493,0.299791,0.283032,0.267966,0.254304,0.241907,0.230604
065-050-150,0.015,65,0.5,0.453937,0.415115,0.382052,0.353557,0.328831,0.30713,0.287948,0.270865,0.255575,0.241839,0.229388,0.218083
065-050-175,0.0175,65,0.5,0.450416,0.40921,0.374478,0.344865,0.319323,0.297068,0.277528,0.260266,0.24485,0.231049,0.218608,0.207331
065-050-200,0.02,65,0.5,0.447287,0.403946,0.367759,0.337109,0.310938,0.288307,0.26848,0.251036,0.235549,0.221727,0.209329,0.198133
065-100-025,0.0025,65,1.0,0.931409,0.870862,0.817363,0.769776,0.727256,0.689015,0.654478,0.623062,0.594386,0.568129,0.543944,0.521719
065-100-050,0.005,65,1.0,0.905276,0.825802,0.758476,0.70068,0.650788,0.607153,0.568888,0.53491,0.504629,0.477432,0.452881,0.430589
065-100-075,0.0075,65,1.0,0.885957,0.793852,0.718058,0.654657,0.601195,0.555411,0.515752,0.481223,0.45086,0.423913,0.399821,0.378212
065-100-100,0.01,65,1.0,0.870134,0.768374,0.686776,0.620045,0.56456,0.517696,0.477698,0.443117,0.412983,0.386555,0.363072,0.342136
065-100-125,0.0125,65,1.0,0.856902,0.747338,0.661363,0.592198,0.535438,0.487958,0.447888,0.413557,0.383858,0.357941,0.335142,0.314932
065-100-150,0.015,65,1.0,0.845362,0.729067,0.639638,0.56858,0.51099,0.463531,0.423595,0.3897,0.360556,0.335247,0.313056,0.293473
065-100-175,0.0175,65,1.0,0.834568,0.713134,0.620924,0.548575,0.490542,0.443079,0.403433,0.369933,0.341322,0.316562,0.294949,0.27589
065-100-200,0.02,65,1.0,0.824589,0.698444,0.604001,0.530793,0.472613,0.425169,0.385914,0.352888,0.324717,0.300449,0.279369,0.260834
065-150-025,0.0025,65,1.5,1.35933,1.24076,1.13991,1.05331,0.97803,0.912422,0.854647,0.803531,0.757814,0.716865,0.679876,0.646398
065-150-050,0.005,65,1.5,1.30769,1.15587,1.0334,0.933247,0.849576,0.779203,0.718849,0.66681,0.62141,0.581579,0.546329,0.514986
065-150-075,0.0075,65,1.5,1.26972,1.09679,0.962944,0.856532,0.770146,0.698689,0.638831,0.587952,0.544329,0.506317,0.473027,0.443712
065-150-100,0.01,65,1.5,1.24,1.05148,0.909791,0.800061,0.712727,0.641584,0.582779,0.533339,0.491217,0.454961,0.423449,0.395797
065-150-125,0.0125,65,1.5,1.21506,1.01496,0.868068,0.756446,0.668825,0.59827,0.540674,0.492596,0.45193,0.417201,0.387169,0.360932
065-150-150,0.015,65,1.5,1.19254,0.982578,0.831988,0.719302,0.632035,0.562698,0.506406,0.459774,0.42057,0.387171,0.358432,0.333474
065-150-175,0.0175,65,1.5,1.17305,0.955442,0.802347,0.689088,0.602306,0.534028,0.478812,0.433328,0.395375,0.363195,0.335545,0.311566
065-150-200,0.02,65,1.5,1.15454,0.930729,0.775397,0.662221,0.576329,0.509065,0.455068,0.410834,0.373969,0.342828,0.3162,0.293135
065-200-025,0.0025,65,2.0,1.7686,1.58131,1.42636,1.29689,1.18825,1.09529,1.01515,0.944989,0.883608,0.829435,0.781307,0.737916
065-200-050,0.005,65,2.0,1.68537,1.44908,1.26673,1.12294,1.00693,0.911317,0.831375,0.763457,0.705376,0.655166,0.611341,0.572739
065-200-075,0.0075,65,2.0,1.62719,1.36245,1.16661,1.01716,0.899825,0.80541,0.728001,0.663386,0.608727,0.562108,0.521814,0.486625
065-200-100,0.01,65,2.0,1.58002,1.29513,1.09209,0.941137,0.824297,0.731944,0.65739,0.595933,0.544539,0.500869,0.463296,0.430731
065-200-125,0.0125,65,2.0,1.54016,1.24076,1.03306,0.881383,0.766554,0.67685,0.604943,0.546094,0.497077,0.455762,0.420472,0.390006
065-200-150,0.015,65,2.0,1.50666,1.19518,0.984522,0.833415,0.72054,0.633186,0.563659,0.507104,0.460449,0.421134,0.387697,0.358861
065-200-175,0.0175,65,2.0,1.47618,1.15617,0.943691,0.793563,0.682344,0.597058,0.5298,0.475368,0.43048,0.392917,0.361071,0.333697
065-200-200,0.02,65,2.0,1.44926,1.12171,0.908057,0.759199,0.650066,0.566967,0.501542,0.449025,0.405898,0.369865,0.339298,0.313116
065-250-025,0.0025,65,2.5,2.1608,1.89417,1.68196,1.50944,1.36654,1.24646,1.14459,1.05747,0.982325,0.916315,0.858438,0.807003
065-250-050,0.005,65,2.5,2.04342,1.7153,1.47167,1.28409,1.13657,1.01773,0.920335,0.838847,0.769806,0.710948,0.660116,0.615765
065-250-075,0.0075,65,2.5,1.9614,1.59851,1.34061,1.1501,1.00398,0.889031,0.796433,0.720542,0.656979,0.603417,0.557549,0.517822
065-250-100,0.01,65,2.5,1.8961,1.50884,1.24473,1.0545,0.912017,0.801467,0.713602,0.64209,0.583041,0.533597,0.491364,0.455089
065-250-125,0.0125,65,2.5,1.84123,1.43757,1.17022,0.981906,0.842815,0.736495,0.652713,0.585214,0.52978,0.483385,0.44411,0.410363
065-250-150,0.015,65,2.5,1.7949,1.37863,1.10976,0.923683,0.788188,0.685417,0.605237,0.540921,0.488421,0.44471,0.407781,0.376221
065-250-175,0.0175,65,2.5,1.75357,1.3284,1.0595,0.876091,0.743746,0.644303,0.567228,0.505735,0.455577,0.414017,0.37901,0.349115
065-250-200,0.02,65,2.5,1.71628,1.28285,1.01469,0.834444,0.705465,0.609185,0.534731,0.475706,0.42781,0.388138,0.354854,0.326454
065-300-025,0.0025,65,3.0,2.53933,2.18835,1.91566,1.69861,1.52288,1.37751,1.25538,1.15224,1.06387,0.987289,0.920693,0.862062
065-300-050,0.005,65,3.0,2.38459,1.95855,1.65189,1.42259,1.24549,1.10515,0.992056,0.898441,0.82008,0.753926,0.697011,0.647965
065-300-075,0.0075,65,3.0,2.27534,1.80948,1.491,1.26129,1.08897,0.955659,0.8501,0.764665,0.693769,0.6344,0.584008,0.540644
065-300-100,0.01,65,3.0,2.19028,1.69843,1.37438,1.14807,0.982114,0.855868,0.756918,0.677465,0.612382,0.558133,0.512292,0.473109
065-300-125,0.0125,65,3.0,2.11998,1.6103,1.28589,1.0639,0.903517,0.782926,0.689399,0.614826,0.553961,0.503573,0.46115,0.425047
065-300-150,0.015,65,3.0,2.05984,1.53777,1.21358,0.99614,0.841119,0.725736,0.636892,0.566274,0.509044,0.461872,0.422246,0.388567
065-300-175,0.0175,65,3.0,2.00631,1.4751,1.15352,0.940503,0.790454,0.679548,0.5945,0.527396,0.473161,0.428526,0.391212,0.359518
065-300-200,0.02,65,3.0,1.95929,1.42182,1.10272,0.894381,0.748926,0.641835,0.560091,0.495865,0.444125,0.401698,0.366207,0.336082
068-050-025,0.0025,68,0.5,0.475509,0.453138,0.432686,0.414042,0.396911,0.381128,0.366488,0.352918,0.340313,0.328588,0.317635,0.307336
068-050-050,0.005,68,0.5,0.465754,0.435713,0.409172,0.385562,0.364433,0.345409,0.328225,0.312603,0.298372,0.285298,0.273334,0.262304
068-050-075,0.0075,68,0.5,0.45853,0.423006,0.392444,0.365735,0.342282,0.321591,0.303133,0.286571,0.271681,0.258162,0.245864,0.234646
068-050-100,0.01,68,0.5,0.452447,0.412658,0.378991,0.350191,0.32522,0.303446,0.284251,0.267204,0.251992,0.23833,0.225991,0.214822
068-050-125,0.0125,68,0.5,0.447212,0.403943,0.367848,0.337388,0.3113,0.288802,0.269169,0.251855,0.236522,0.222841,0.210572,0.199473
068-050-150,0.015,68,0.5,0.442653,0.396355,0.358329,0.326594,0.299691,0.276619,0.256682,0.239233,0.223855,0.210205,0.197993,0.187038
068-050-175,0.0175,68,0.5,0.438384,0.389458,0.349772,0.316927,0.289412,0.26602,0.245873,0.228374,0.213053,0.199465,0.187386,0.176551
068-050-200,0.02,68,0.5,0.434469,0.383143,0.341997,0.308354,0.280331,0.256666,0.236405,0.218886,0.20359,0.190137,0.178189,0.16752
068-100-025,0.0025,68,1.0,0.914385,0.841378,0.778819,0.724614,0.677088,0.635063,0.59779,0.564682,0.534925,0.508057,0.483768,0.461624
068-100-050,0.005,68,1.0,0.882284,0.787856,0.710924,0.647098,0.593302,0.547434,0.507981,0.473611,0.443455,0.416735,0.393006,0.37175
068-100-075,0.0075,68,1.0,0.859327,0.751273,0.666117,0.597519,0.541284,0.494225,0.454373,0.420235,0.39061,0.364717,0.3419,0.321693
068-100-100,0.01,68,1.0,0.840515,0.722305,0.631888,0.560546,0.503082,0.455679,0.416184,0.382663,0.353862,0.328975,0.307174,0.287916
068-100-125,0.0125,68,1.0,0.824724,0.698807,0.604491,0.531418,0.473441,0.426284,0.387215,0.354356,0.326356,0.302258,0.28129,0.262893
068-100-150,0.015,68,1.0,0.810695,0.678322,0.58118,0.507127,0.449013,0.402227,0.363713,0.331619,0.304415,0.281091,0.260873,0.243191
068-100-175,0.0175,68,1.0,0.798289,0.660518,0.5611,0.48635,0.428268,0.38188,0.344056,0.312677,0.286172,0.263572,0.24403,0.227006
068-100-200,0.02,68,1.0,0.786746,0.644272,0.543309,0.468217,0.410414,0.364567,0.32738,0.296629,0.270838,0.248885,0.229975,0.213533
068-150-025,0.0025,68,1.5,1.32561,1.18439,1.06888,0.972846,0.89209,0.823146,0.763585,0.711806,0.666438,0.626222,0.590489,0.558409
068-150-050,0.005,68,1.5,1.26344,1.0865,0.951154,0.844058,0.757714,0.686509,0.627033,0.576772,0.533622,0.496239,0.463482,0.434683
068-150-075,0.0075,68,1.5,1.21898,1.02117,0.87569,0.764601,0.677195,0.60701,0.549406,0.501402,0.460658,0.425879,0.395751,0.369455
068-150-100,0.01,68,1.5,1.18404,0.971331,0.819937,0.707385,0.620668,0.552031,0.496328,0.450398,0.411828,0.379088,0.351,0.326522
068-150-125,0.0125,68,1.5,1.15445,0.930648,0.775791,0.662893,0.577244,0.510219,0.456416,0.41241,0.375725,0.344754,0.318263,0.295349
068-150-150,0.015,68,1.5,1.12869,0.896597,0.739478,0.627011,0.542617,0.477286,0.425203,0.382861,0.347757,0.318202,0.293047,0.271368
068-150-175,0.0175,68,1.5,1.1061,0.867163,0.708754,0.596684,0.51365,0.449893,0.399434,0.358569,0.32491,0.296639,0.272637,0.252012
068-150-200,0.02,68,1.5,1.08557,0.841072,0.682044,0.570926,0.48931,0.42705,0.378007,0.338462,0.305951,0.278766,0.255721,0.235974
068-200-025,0.0025,68,2.0,1.71393,1.49419,1.32078,1.18121,1.06694,0.971889,0.891475,0.822849,0.763571,0.712025,0.666767,0.626753
068-200-050,0.005,68,2.0,1.61659,1.34758,1.15053,1.00117,0.88395,0.790127,0.713488,0.649772,0.596139,0.550336,0.510789,0.47645
068-200-075,0.0075,68,2.0,1.54762,1.25115,1.04456,0.892858,0.777883,0.688054,0.615791,0.556765,0.507623,0.466092,0.430574,0.39984
068-200-100,0.01,68,2.0,1.49384,1.17905,0.967956,0.817477,0.705637,0.619292,0.550986,0.495408,0.449695,0.411331,0.378727,0.35068
068-200-125,0.0125,68,2.0,1.4484,1.12127,0.908039,0.759595,0.650798,0.567957,0.502944,0.450655,0.407697,0.371885,0.341469,0.315465
068-200-150,0.015,68,2.0,1.4101,1.0734,0.859646,0.71341,0.607586,0.527569,0.465392,0.415684,0.375054,0.34125,0.312779,0.288383
068-200-175,0.0175,68,2.0,1.37597,1.03223,0.819145,0.675338,0.57216,0.495025,0.435352,0.387774,0.34913,0.317055,0.290036,0.267025
068-200-200,0.02,68,2.0,1.34568,0.996898,0.784565,0.643134,0.542652,0.467974,0.410362,0.364708,0.327641,0.296955,0.271197,0.249311
068-250-025,0.0025,68,2.5,2.0832,1.77606,1.54228,1.35861,1.21203,1.09249,0.993151,0.909519,0.838472,0.777373,0.724138,0.6774
068-250-050,0.005,68,2.5,1.94614,1.57736,1.31845,1.12839,0.98371,0.87023,0.77896,0.704253,0.642108,0.589644,0.544765,0.505863
068-250-075,0.0075,68,2.5,1.84985,1.44952,1.18318,0.994944,0.855821,0.749079,0.66492,0.596963,0.541002,0.494323,0.45475,0.420727
068-250-100,0.01,68,2.5,1.77612,1.35647,1.08766,0.903294,0.769741,0.668837,0.590159,0.527371,0.476079,0.433525,0.397626,0.366915
068-250-125,0.0125,68,2.5,1.7146,1.28251,1.01463,0.834799,0.706071,0.610297,0.536258,0.47742,0.42967,0.390239,0.357118,0.328913
068-250-150,0.015,68,2.5,1.66322,1.22148,0.956023,0.780242,0.656549,0.564884,0.494608,0.439138,0.394288,0.357308,0.326353,0.30003
068-250-175,0.0175,68,2.5,1.6176,1.17005,0.90658,0.735345,0.615492,0.527712,0.460757,0.408146,0.365703,0.330798,0.301621,0.276911
068-250-200,0.02,68,2.5,1.5771,1.12551,0.8648,0.697288,0.581445,0.496984,0.432814,0.382614,0.342237,0.309076,0.281397,0.258011
068-300-025,0.0025,68,3.0,2.43856,2.03635,1.73917,1.51261,1.33505,1.19217,1.07589,0.979208,0.897548,0.828229,0.768106,0.715994
068-300-050,0.005,68,3.0,2.25572,1.78432,1.46443,1.23549,1.06524,0.934144,0.830539,0.746579,0.677322,0.619311,0.570037,0.527845
068-300-075,0.0075,68,3.0,2.13202,1.62522,1.30134,1.07915,0.918269,0.797037,0.70289,0.627607,0.566243,0.515368,0.472479,0.436032
068-300-100,0.01,68,3.0,2.03709,1.5112,1.18859,0.973269,0.820832,0.707556,0.62053,0.551766,0.496011,0.450094,0.411565,0.378841
068-300-125,0.0125,68,3.0,1.95848,1.42113,1.10186,0.89393,0.748619,0.64218,0.560867,0.496973,0.44551,0.403313,0.368118,0.338288
068-300-150,0.015,68,3.0,1.89297,1.34778,1.03392,0.83284,0.693844,0.592635,0.51602,0.455985,0.407926,0.368593,0.335771,0.308062
068-300-175,0.0175,68,3.0,1.83653,1.28678,0.977829,0.782135,0.648695,0.552143,0.479501,0.422885,0.377599,0.34059,0.309821,0.283925
068-300-200,0.02,68,3.0,1.78463,1.23353,0.929709,0.740073,0.611615,0.519335,0.449987,0.396118,0.35308,0.317969,0.28886,0.264289
070-050-025,0.0025,70,0.5,0.471536,0.445896,0.422976,0.402234,0.383415,0.366209,0.350493,0.336037,0.322756,0.310484,0.299098,0.288516
070-050-050,0.005,70,0.5,0.460271,0.426177,0.396615,0.370733,0.347946,0.327784,0.309716,0.293469,0.278781,0.265479,0.25335,0.24226
070-050-075,0.0075,70,0.5,0.451944,0.411877,0.378099,0.34924,0.324352,0.302629,0.283468,0.266503,0.251361,0.237788,0.225571,0.214463
070-050-100,0.01,70,0.5,0.445128,0.400517,0.363629,0.332746,0.306399,0.28373,0.264035,0.246782,0.231508,0.217909,0.205762,0.194824
070-050-125,0.0125,70,0.5,0.439138,0.390781,0.351458,0.31906,0.291813,0.268592,0.248631,0.231218,0.215971,0.202475,0.190448,0.179703
070-050-150,0.015,70,0.5,0.433912,0.382307,0.341095,0.307431,0.279438,0.255869,0.235707,0.218297,0.203126,0.189782,0.177971,0.167427
070-050-175,0.0175,70,0.5,0.429031,0.374719,0.331905,0.297357,0.268906,0.245086,0.224842,0.20747,0.192405,0.179223,0.167577,0.157231
070-050-200,0.02,70,0.5,0.424749,0.367917,0.323711,0.288445,0.259595,0.235623,0.215391,0.198108,0.183161,0.170123,0.158643,0.148476
070-100-025,0.0025,70,1.0,0.901422,0.819297,0.750389,0.691904,0.641612,0.597835,0.559589,0.525684,0.495601,0.468745,0.444608,0.422812
070-100-050,0.005,70,1.0,0.865456,0.760994,0.67789,0.610454,0.554851,0.508141,0.468437,0.434333,0.404673,0.378661,0.355685,0.33531
070-100-075,0.0075,70,1.0,0.839104,0.720364,0.629738,0.55843,0.501015,0.453898,0.41447,0.381158,0.352584,0.327858,0.306246,0.287206
070-100-100,0.01,70,1.0,0.818265,0.689474,0.593937,0.520643,0.462715,0.415893,0.377352,0.344934,0.317439,0.293796,0.273276,0.255321
070-100-125,0.0125,70,1.0,0.800546,0.663824,0.565103,0.490803,0.432949,0.386623,0.348831,0.317431,0.29093,0.26831,0.248768,0.231728
070-100-150,0.015,70,1.0,0.785107,0.642119,0.541229,0.466222,0.408647,0.363022,0.326061,0.295555,0.269979,0.248204,0.22949,0.213225
070-100-175,0.0175,70,1.0,0.771229,0.623144,0.520436,0.445291,0.388147,0.343321,0.307153,0.277516,0.252736,0.231753,0.213743,0.198141
070-100-200,0.02,70,1.0,0.758876,0.606601,0.502599,0.427448,0.370898,0.3267,0.29134,0.262473,0.238419,0.2181,0.200702,0.185684
070-150-025,0.0025,70,1.5,1.29982,1.14359,1.01915,0.917959,0.83401,0.764047,0.704343,0.652948,0.608357,0.569304,0.534873,0.50433
070-150-050,0.005,70,1.5,1.2303,1.03756,0.894403,0.784423,0.697447,0.627119,0.569031,0.520584,0.479428,0.444079,0.413478,0.386688
070-150-075,0.0075,70,1.5,1.18092,0.967438,0.815674,0.703295,0.61688,0.548638,0.493349,0.447906,0.40968,0.377315,0.349511,0.325338
070-150-100,0.01,70,1.5,1.14234,0.914667,0.758932,0.646547,0.561746,0.495775,0.443048,0.400003,0.364197,0.33402,0.308271,0.28605
070-150-125,0.0125,70,1.5,1.11017,0.872703,0.714876,0.603153,0.520119,0.456196,0.405558,0.364609,0.330817,0.302445,0.278342,0.257575
070-150-150,0.015,70,1.5,1.082,0.836818,0.6779,0.567296,0.486116,0.424272,0.375741,0.33664,0.30448,0.277656,0.254922,0.235419
070-150-175,0.0175,70,1.5,1.05804,0.806985,0.647438,0.538145,0.458867,0.398788,0.351919,0.314327,0.283563,0.257971,0.236346,0.217834
070-150-200,0.02,70,1.5,1.03606,0.780273,0.621019,0.513092,0.43546,0.377134,0.331854,0.295694,0.266168,0.24161,0.220937,0.203251
070-200-025,0.0025,70,2.0,1.67344,1.43081,1.24653,1.10203,0.985806,0.890903,0.812084,0.745478,0.688788,0.639762,0.597087,0.559676
070-200-050,0.005,70,2.0,1.56449,1.27389,1.06946,0.918825,0.80351,0.71293,0.639654,0.579757,0.529658,0.487297,0.450994,0.419582
070-200-075,0.0075,70,2.0,1.48877,1.17298,0.962334,0.812486,0.700987,0.615171,0.547333,0.492566,0.447312,0.409414,0.377155,0.349463
070-200-100,0.01,70,2.0,1.43032,1.09915,0.885828,0.738666,0.631552,0.55039,0.486755,0.435763,0.393977,0.359202,0.329842,0.304737
070-200-125,0.0125,70,2.0,1.38215,1.04001,0.827008,0.682974,0.579702,0.50227,0.442233,0.394467,0.355534,0.323271,0.296062,0.272901
070-200-150,0.015,70,2.0,1.34107,0.991683,0.779882,0.639016,0.539162,0.465057,0.408003,0.362763,0.32606,0.295741,0.270326,0.248693
070-200-175,0.0175,70,2.0,1.30583,0.950755,0.74048,0.602827,0.506358,0.435049,0.380394,0.337338,0.302522,0.273844,0.249833,0.229404
070-200-200,0.02,70,2.0,1.273,0.914569,0.706479,0.571849,0.478242,0.409527,0.357186,0.316032,0.282857,0.25562,0.232832,0.213479
070-250-025,0.0025,70,2.5,2.02574,1.69057,1.44434,1.25695,1.11011,0.992419,0.896367,0.816632,0.749629,0.692396,0.643086,0.600107
070-250-050,0.005,70,2.5,1.87413,1.48143,1.21635,1.02773,0.886987,0.778739,0.693021,0.623648,0.5664,0.518537,0.47791,0.442955
070-250-075,0.0075,70,2.5,1.76966,1.34914,1.08078,0.897331,0.764835,0.664709,0.586764,0.524512,0.473691,0.431564,0.396044,0.365709
070-250-100,0.01,70,2.5,1.69046,1.25346,0.986747,0.809233,0.683349,0.589954,0.517987,0.460994,0.414899,0.376708,0.344709,0.317535
070-250-125,0.0125,70,2.5,1.62569,1.17915,0.91603,0.744199,0.624059,0.535815,0.468544,0.415581,0.372766,0.337661,0.308256,0.283297
070-250-150,0.015,70,2.5,1.5708,1.11874,0.858975,0.692663,0.577752,0.493951,0.430429,0.380663,0.34061,0.307872,0.280486,0.257333
070-250-175,0.0175,70,2.5,1.52283,1.06771,0.812491,0.650856,0.540428,0.460521,0.40011,0.352952,0.315212,0.284322,0.258615,0.236944
070-250-200,0.02,70,2.5,1.47968,1.02344,0.772276,0.615593,0.509079,0.432474,0.374879,0.330023,0.294172,0.264941,0.240631,0.220095
070-300-025,0.0025,70,3.0,2.36155,1.92779,1.61953,1.38988,1.21473,1.07675,0.965502,0.874291,0.798194,0.733767,0.678706,0.631003
070-300-050,0.005,70,3.0,2.1627,1.664,1.34105,1.11744,0.954244,0.830663,0.734316,0.657241,0.594338,0.541933,0.497834,0.460064
070-300-075,0.0075,70,3.0,2.02991,1.50245,1.18084,0.966786,0.815141,0.702781,0.616537,0.548364,0.493303,0.447836,0.409842,0.377498
070-300-100,0.01,70,3.0,1.92686,1.38566,1.06986,0.865627,0.723778,0.620063,0.541321,0.479498,0.42981,0.389083,0.355102,0.326282
070-300-125,0.0125,70,3.0,1.84484,1.29692,0.987926,0.79192,0.657765,0.560885,0.48753,0.430504,0.384858,0.34761,0.316603,0.290377
070-300-150,0.015,70,3.0,1.77585,1.22504,0.922038,0.734085,0.606643,0.515222,0.446639,0.393291,0.350839,0.316269,0.287564,0.263386
070-300-175,0.0175,70,3.0,1.71626,1.16425,0.868767,0.687651,0.566022,0.479191,0.414365,0.364169,0.324248,0.291741,0.264785,0.242107
070-300-200,0.02,70,3.0,1.66485,1.11412,0.824366,0.648708,0.532069,0.449228,0.387557,0.339977,0.302207,0.271464,0.246042,0.224694
073-050-025,0.0025,73,0.5,0.464544,0.433659,0.406565,0.382645,0.361388,0.342402,0.325298,0.309807,0.295747,0.2829,0.271162,0.260359
073-050-050,0.005,73,0.5,0.450915,0.410187,0.376033,0.347023,0.322067,0.300375,0.281358,0.264541,0.249574,0.236207,0.22416,0.213293
073-050-075,0.0075,73,0.5,0.440834,0.393548,0.355099,0.323242,0.296419,0.273556,0.253877,0.236732,0.22167,0.208331,0.196461,0.185805
073-050-100,0.01,73,0.5,0.432475,0.380186,0.338698,0.304972,0.277117,0.253712,0.233769,0.216602,0.201642,0.188497,0.176882,0.16654
073-050-125,0.0125,73,0.5,0.425363,0.369143,0.325358,0.290371,0.261817,0.238115,0.218104,0.201002,0.186226,0.17335,0.162019,0.151991
073-050-150,0.015,73,0.5,0.418972,0.359309,0.313719,0.277822,0.248868,0.22503,0.205113,0.188194,0.173644,0.16103,0.149975,0.140218
073-050-175,0.0175,73,0.5,0.413242,0.350733,0.303747,0.267174,0.237922,0.214082,0.19424,0.177484,0.163164,0.150792,0.139984,0.130491
073-050-200,0.02,73,0.5,0.408087,0.343076,0.29484,0.25774,0.228354,0.204537,0.184846,0.168296,0.154209,0.142081,0.131522,0.122252
073-100-025,0.0025,73,1.0,0.878518,0.782173,0.704293,0.640236,0.5864,0.540821,0.501742,0.467923,0.438334,0.412111,0.38891,0.368221
073-100-050,0.005,73,1.0,0.835748,0.715695,0.624472,0.553199,0.49595,0.449131,0.410206,0.377288,0.349152,0.324819,0.303649,0.284998
073-100-075,0.0075,73,1.0,0.804861,0.670564,0.573113,0.499401,0.441883,0.395723,0.357975,0.32664,0.300181,0.277524,0.257924,0.240851
073-100-100,0.01,73,1.0,0.78069,0.636569,0.535371,0.460785,0.403705,0.358611,0.322191,0.292219,0.267152,0.245852,0.227594,0.211694
073-100-125,0.0125,73,1.0,0.760385,0.608861,0.505609,0.430821,0.374424,0.330536,0.295373,0.26665,0.24275,0.22255,0.2053,0.190379
073-100-150,0.015,73,1.0,0.742608,0.585436,0.480839,0.406399,0.350983,0.30818,0.274153,0.24649,0.223599,0.204325,0.187892,0.17375
073-100-175,0.0175,73,1.0,0.72665,0.565281,0.45975,0.385797,0.331315,0.289589,0.256609,0.229924,0.207907,0.189457,0.173801,0.160325
073-100-200,0.02,73,1.0,0.712796,0.547776,0.44188,0.368576,0.314863,0.274049,0.241983,0.216125,0.194891,0.177144,0.162109,0.149185
073-150-025,0.0025,73,1.5,1.25542,1.07565,0.939002,0.831997,0.74632,0.676007,0.61766,0.568269,0.526064,0.489557,0.457728,0.429835
073-150-050,0.005,73,1.5,1.17456,0.958439,0.806836,0.695054,0.609558,0.541955,0.487531,0.442704,0.40527,0.373512,0.346279,0.322698
073-150-075,0.0075,73,1.5,1.11847,0.883585,0.72663,0.615259,0.532208,0.468269,0.417474,0.376293,0.342229,0.313643,0.289335,0.268356
073-150-100,0.01,73,1.5,1.07461,0.828019,0.669525,0.559711,0.479502,0.418634,0.37098,0.3326,0.301113,0.27485,0.252613,0.233571
073-150-125,0.0125,73,1.5,1.03814,0.783506,0.624786,0.517228,0.439986,0.381806,0.336661,0.300581,0.271145,0.246707,0.226058,0.208421
073-150-150,0.015,73,1.5,1.00713,0.747045,0.589135,0.483916,0.40909,0.353299,0.31019,0.276009,0.248198,0.225193,0.205849,0.18936
073-150-175,0.0175,73,1.5,0.979939,0.716017,0.559235,0.456206,0.383589,0.329912,0.288674,0.256074,0.229668,0.207845,0.189554,0.173982
073-150-200,0.02,73,1.5,0.95627,0.689524,0.533848,0.432875,0.362329,0.310467,0.270849,0.239599,0.21435,0.193565,0.176147,0.161346
073-200-025,0.0025,73,2.0,1.60469,1.33114,1.13314,0.983904,0.868028,0.775848,0.700814,0.638825,0.586595,0.542145,0.503857,0.470574
073-200-050,0.005,73,2.0,1.47894,1.16111,0.95042,0.80168,0.691445,0.606836,0.540214,0.486373,0.441909,0.404751,0.373264,0.346209
073-200-075,0.0075,73,2.0,1.39344,1.05484,0.842504,0.698241,0.594515,0.516655,0.456136,0.407836,0.368529,0.335859,0.308357,0.284866
073-200-100,0.01,73,2.0,1.32909,0.978993,0.768124,0.628743,0.530606,0.457877,0.401926,0.357596,0.321819,0.292264,0.267446,0.246355
073-200-125,0.0125,73,2.0,1.27598,0.918829,0.71115,0.576842,0.483344,0.414751,0.362581,0.321483,0.28837,0.261124,0.238361,0.219042
073-200-150,0.015,73,2.0,1.23115,0.870825,0.666461,0.536445,0.447045,0.38198,0.332613,0.293976,0.262941,0.237503,0.216304,0.198353
073-200-175,0.0175,73,2.0,1.19232,0.8297,0.629017,0.50313,0.41734,0.355295,0.308482,0.27186,0.242544,0.218604,0.198687,0.181829
073-200-200,0.02,73,2.0,1.15862,0.79494,0.597755,0.47538,0.392664,0.333154,0.288419,0.253649,0.225839,0.203112,0.184221,0.168263
073-250-025,0.0025,73,2.5,1.9292,1.5561,1.29659,1.10788,0.964896,0.853339,0.764181,0.691404,0.631143,0.580243,0.536893,0.499502
073-250-050,0.005,73,2.5,1.75647,1.33329,1.06579,0.883834,0.752791,0.654375,0.577888,0.517021,0.467379,0.426209,0.391563,0.361997
073-250-075,0.0075,73,2.5,1.64056,1.19754,0.934556,0.761922,0.640929,0.551833,0.483759,0.430064,0.386755,0.351185,0.321388,0.296061
073-250-100,0.01,73,2.5,1.55345,1.10167,0.844219,0.680199,0.567461,0.485421,0.423411,0.374888,0.335907,0.303965,0.277351,0.254827
073-250-125,0.0125,73,2.5,1.48391,1.0287,0.777681,0.62112,0.514767,0.438246,0.380642,0.335858,0.300057,0.270831,0.246527,0.226026
073-250-150,0.015,73,2.5,1.42508,0.968759,0.72473,0.574642,0.473812,0.401808,0.347864,0.306111,0.272806,0.24568,0.223156,0.20421
073-250-175,0.0175,73,2.5,1.37457,0.91939,0.681406,0.537179,0.440966,0.372593,0.321668,0.282345,0.251046,0.225624,0.204549,0.18684
073-250-200,0.02,73,2.5,1.33122,0.877606,0.64518,0.505953,0.413809,0.348549,0.30016,0.262839,0.233274,0.209257,0.189373,0.172662
073-300-025,0.0025,73,3.0,2.23388,1.75654,1.43719,1.21067,1.04329,0.914728,0.813634,0.731972,0.66475,0.608541,0.560926,0.520244
073-300-050,0.005,73,3.0,2.00997,1.48169,1.16184,0.950294,0.801347,0.691106,0.606574,0.540033,0.486314,0.441931,0.404898,0.37344
073-300-075,0.0075,73,3.0,1.86438,1.3194,1.00901,0.811646,0.676015,0.577947,0.503766,0.445988,0.399692,0.361772,0.330272,0.303615
073-300-100,0.01,73,3.0,1.75504,1.20554,0.905804,0.720671,0.595856,0.506401,0.43925,0.38727,0.345924,0.312219,0.284294,0.260732
073-300-125,0.0125,73,3.0,1.66817,1.11839,0.829534,0.654405,0.537843,0.455087,0.393459,0.345882,0.308066,0.277387,0.252008,0.230684
073-300-150,0.015,73,3.0,1.59606,1.04939,0.770323,0.603415,0.49364,0.416086,0.358646,0.314487,0.279513,0.251173,0.227761,0.208089
073-300-175,0.0175,73,3.0,1.53386,0.992289,0.721886,0.562445,0.458166,0.385021,0.331093,0.289614,0.256857,0.230405,0.208553,0.190239
073-300-200,0.02,73,3.0,1.48035,0.943879,0.681447,0.528501,0.42918,0.359629,0.308423,0.269243,0.238377,0.213435,0.192868,0.175617
075-050-025,0.0025,75,0.5,0.459236,0.424429,0.394507,0.368481,0.345744,0.325636,0.307792,0.291812,0.27748,0.264506,0.252722,0.241992
075-050-050,0.005,75,0.5,0.443565,0.398188,0.361002,0.330031,0.303846,0.281484,0.262142,0.245248,0.230379,0.217191,0.205416,0.194842
075-050-075,0.0075,75,0.5,0.432164,0.379935,0.33853,0.304984,0.277286,0.254058,0.234272,0.217245,0.202471,0.189522,0.17809,0.167893
075-050-100,0.01,75,0.5,0.42282,0.365279,0.321027,0.285872,0.25738,0.233806,0.213994,0.19714,0.182633,0.170003,0.158919,0.14913
075-050-125,0.0125,75,0.5,0.414834,0.35325,0.306826,0.270672,0.241733,0.218078,0.198378,0.181744,0.167514,0.155219,0.144485,0.135042
075-050-150,0.015,75,0.5,0.407823,0.342773,0.294713,0.257828,0.228658,0.205014,0.18551,0.169155,0.155245,0.143276,0.132862,0.123746
075-050-175,0.0175,75,0.5,0.401388,0.333514,0.284206,0.246823,0.217587,0.194089,0.174806,0.158709,0.145077,0.133389,0.123264,0.114424
075-050-200,0.02,75,0.5,0.395563,0.325237,0.274882,0.237143,0.20782,0.184492,0.165431,0.149591,0.136256,0.124854,0.115015,0.106419
075-100-025,0.0025,75,1.0,0.861403,0.755222,0.671689,0.604524,0.549238,0.503219,0.464237,0.430819,0.401876,0.376638,0.354386,0.334641
075-100-050,0.005,75,1.0,0.81344,0.682903,0.587261,0.514469,0.457251,0.411142,0.37332,0.341835,0.315077,0.292181,0.272379,0.255073
075-100-075,0.0075,75,1.0,0.779944,0.6355,0.53461,0.460478,0.403718,0.35904,0.32294,0.293287,0.268458,0.247383,0.229298,0.21359
075-100-100,0.01,75,1.0,0.752745,0.599423,0.495904,0.421782,0.366128,0.322967,0.288516,0.2604,0.237079,0.217454,0.200718,0.186253
075-100-125,0.0125,75,1.0,0.730661,0.57073,0.465815,0.39211,0.337626,0.295887,0.262884,0.236189,0.214158,0.195668,0.179948,0.166421
075-100-150,0.015,75,1.0,0.711643,0.546751,0.441218,0.368265,0.315004,0.274508,0.242742,0.217173,0.196191,0.178644,0.163791,0.151033
075-100-175,0.0175,75,1.0,0.694764,0.526063,0.420358,0.348352,0.296334,0.257029,0.226342,0.201746,0.181626,0.164884,0.150715,0.13859
075-100-200,0.02,75,1.0,0.679632,0.508008,0.402433,0.331318,0.280349,0.242144,0.212472,0.188767,0.169441,0.15337,0.139811,0.128235
075-150-025,0.0025,75,1.5,1.22291,1.02768,0.884589,0.775193,0.68922,0.620001,0.563242,0.515883,0.475834,0.44153,0.411905,0.386021
075-150-050,0.005,75,1.5,1.13349,0.90427,0.748757,0.637411,0.554147,0.489397,0.437916,0.39603,0.361338,0.332113,0.307173,0.285742
075-150-075,0.0075,75,1.5,1.07255,0.826129,0.668176,0.558959,0.479369,0.418962,0.371618,0.333585,0.302423,0.276454,0.254456,0.235609
075-150-100,0.01,75,1.5,1.02512,0.768828,0.610894,0.504819,0.42879,0.371978,0.327865,0.29279,0.264255,0.240619,0.220671,0.203645
075-150-125,0.0125,75,1.5,0.986584,0.72406,0.567522,0.464351,0.391567,0.337637,0.296239,0.263446,0.236883,0.214928,0.196501,0.180826
075-150-150,0.015,75,1.5,0.95371,0.687335,0.532554,0.432318,0.362374,0.310934,0.27171,0.24072,0.215762,0.195188,0.177945,0.163304
075-150-175,0.0175,75,1.5,0.92526,0.656229,0.503573,0.405976,0.338561,0.289331,0.251917,0.2225,0.198841,0.179393,0.163162,0.149374
075-150-200,0.02,75,1.5,0.900856,0.630089,0.479221,0.384083,0.318797,0.271411,0.235545,0.207422,0.184866,0.166375,0.150915,0.137848
075-200-025,0.0025,75,2.0,1.55294,1.25992,1.05566,0.906222,0.792598,0.703566,0.632194,0.573682,0.525122,0.484012,0.448881,0.418503
075-200-050,0.005,75,2.0,1.41691,1.08332,0.871829,0.726496,0.621441,0.542045,0.480235,0.430797,0.390336,0.356715,0.328363,0.304199
075-200-075,0.0075,75,2.0,1.32588,0.975964,0.766185,0.627828,0.530251,0.458047,0.402609,0.358782,0.32326,0.294,0.269456,0.248605
075-200-100,0.01,75,2.0,1.25745,0.899531,0.693856,0.561779,0.470291,0.403468,0.352672,0.312764,0.280664,0.254316,0.23233,0.213733
075-200-125,0.0125,75,2.0,1.20178,0.840364,0.639296,0.512701,0.426349,0.363942,0.316683,0.279827,0.250275,0.226146,0.206004,0.188995
075-200-150,0.015,75,2.0,1.15511,0.792818,0.596391,0.474796,0.39259,0.333594,0.289277,0.254791,0.227265,0.204789,0.186138,0.170373
075-200-175,0.0175,75,2.0,1.11509,0.752521,0.561027,0.443835,0.365372,0.309263,0.267326,0.234813,0.208872,0.18776,0.170237,0.155473
075-200-200,0.02,75,2.0,1.0799,0.718432,0.531179,0.417948,0.342603,0.289076,0.249094,0.218223,0.193662,0.173674,0.157111,0.143187
075-250-025,0.0025,75,2.5,1.85764,1.46229,1.19851,1.01197,0.873917,0.76787,0.684367,0.616856,0.561284,0.514829,0.475447,0.441621
075-250-050,0.005,75,2.5,1.67134,1.23422,0.969832,0.795165,0.67166,0.580595,0.510778,0.455427,0.410715,0.373929,0.343053,0.31683
075-250-075,0.0075,75,2.5,1.55066,1.09893,0.842336,0.679253,0.567233,0.485819,0.424222,0.376066,0.337442,0.305792,0.279485,0.257212
075-250-100,0.01,75,2.5,1.45964,1.00411,0.7567,0.603493,0.499877,0.425472,0.369658,0.326329,0.291705,0.263447,0.240062,0.220328
075-250-125,0.0125,75,2.5,1.38741,0.932473,0.693338,0.547969,0.451098,0.382135,0.330715,0.290935,0.259316,0.233616,0.212311,0.194377
075-250-150,0.015,75,2.5,1.32722,0.874523,0.643373,0.504955,0.413553,0.348954,0.300955,0.264002,0.23473,0.210976,0.191308,0.17477
075-250-175,0.0175,75,2.5,1.2757,0.826968,0.603051,0.470631,0.383812,0.322702,0.277541,0.242842,0.215408,0.193151,0.174754,0.159335
075-250-200,0.02,75,2.5,1.23091,0.786918,0.569314,0.441966,0.359054,0.301015,0.258207,0.225363,0.199426,0.178429,0.161117,0.146593
075-300-025,0.0025,75,3.0,2.14137,1.64021,1.31883,1.09774,0.93812,0.81764,0.723845,0.64897,0.587928,0.537263,0.494594,0.458138
075-300-050,0.005,75,3.0,1.90414,1.36249,1.04981,0.849165,0.710574,0.609707,0.533202,0.473343,0.425294,0.385937,0.353187,0.325496
075-300-075,0.0075,75,3.0,1.75018,1.20166,0.903472,0.719164,0.595254,0.506431,0.439985,0.388518,0.34747,0.314048,0.286343,0.263077
075-300-100,0.01,75,3.0,1.6384,1.09097,0.806707,0.635366,0.521906,0.44156,0.381857,0.335883,0.299437,0.269837,0.245364,0.224821
075-300-125,0.0125,75,3.0,1.54851,1.00645,0.734641,0.5743,0.46899,0.395097,0.340511,0.298575,0.265458,0.238621,0.216518,0.197947
075-300-150,0.015,75,3.0,1.47617,0.941043,0.68,0.527892,0.429128,0.360121,0.309375,0.270586,0.239985,0.215285,0.194914,0.177827
075-300-175,0.0175,75,3.0,1.41351,0.886626,0.635342,0.490553,0.397201,0.332246,0.284657,0.248381,0.219804,0.196728,0.177751,0.161865
075-300-200,0.02,75,3.0,1.35969,0.84044,0.597735,0.459375,0.370786,0.309371,0.264444,0.230187,0.203284,0.181611,0.16376,0.148834
078-050-025,0.0025,78,0.5,0.449812,0.408695,0.374558,0.345755,0.32111,0.29987,0.281354,0.265071,0.25063,0.237773,0.226271,0.21588
078-050-050,0.005,78,0.5,0.43115,0.378531,0.337147,0.303796,0.276428,0.25352,0.234102,0.217489,0.203081,0.190484,0.17936,0.169501
078-050-075,0.0075,78,0.5,0.41762,0.357672,0.312352,0.276944,0.248559,0.22529,0.205919,0.189552,0.175533,0.163413,0.152835,0.143525
078-050-100,0.01,78,0.5,0.406528,0.341252,0.293424,0.256889,0.228096,0.204867,0.185776,0.169789,0.15623,0.144598,0.134511,0.125677
078-050-125,0.0125,78,0.5,0.397207,0.327881,0.278312,0.241082,0.212207,0.189162,0.17039,0.1548,0.141664,0.130459,0.12077,0.112337
078-050-150,0.015,78,0.5,0.388972,0.316354,0.265472,0.2279,0.199087,0.176326,0.15789,0.142703,0.129973,0.119147,0.109824,0.10173
078-050-175,0.0175,78,0.5,0.381582,0.3062,0.254418,0.21668,0.188041,0.165557,0.147478,0.13263,0.120246,0.109759,0.100764,0.0929675
078-050-200,0.02,78,0.5,0.374866,0.297245,0.244698,0.206902,0.178406,0.156208,0.138472,0.123981,0.11192,0.101727,0.0930229,0.0855017
078-100-025,0.0025,78,1.0,0.8322,0.711343,0.62035,0.549897,0.49381,0.448054,0.410161,0.37823,0.351019,0.327632,0.307258,0.289398
078-100-050,0.005,78,1.0,0.77649,0.631781,0.531198,0.457814,0.401919,0.358006,0.322615,0.293525,0.26929,0.248729,0.231115,0.215854
078-100-075,0.0075,78,1.0,0.737819,0.580861,0.477074,0.403868,0.349618,0.307902,0.274877,0.248081,0.22596,0.207399,0.191592,0.178001
078-100-100,0.01,78,1.0,0.70797,0.543069,0.438243,0.366154,0.313789,0.274065,0.242927,0.217936,0.19743,0.180313,0.16584,0.153438
078-100-125,0.0125,78,1.0,0.683325,0.513163,0.408386,0.337785,0.287068,0.249031,0.219491,0.195898,0.176633,0.160653,0.147177,0.135672
078-100-150,0.015,78,1.0,0.661769,0.488205,0.383966,0.314745,0.26564,0.229144,0.200962,0.1786,0.160421,0.145345,0.132676,0.121891
078-100-175,0.0175,78,1.0,0.643646,0.467222,0.363684,0.295885,0.248261,0.213071,0.186055,0.164666,0.147343,0.133034,0.121021,0.110809
078-100-200,0.02,78,1.0,0.627053,0.448989,0.346216,0.279795,0.233471,0.199452,0.173401,0.152883,0.136301,0.122638,0.111184,0.101473
078-150-025,0.0025,78,1.5,1.16836,0.95177,0.800964,0.690685,0.60655,0.540491,0.487533,0.444072,0.407778,0.377082,0.350812,0.32808
078-150-050,0.005,78,1.5,1.06673,0.820125,0.663168,0.555293,0.476891,0.417554,0.371171,0.333975,0.303531,0.278138,0.256675,0.238324
078-150-075,0.0075,78,1.5,0.999249,0.739602,0.583561,0.480052,0.406845,0.352546,0.310764,0.277615,0.250723,0.228472,0.209843,0.193972
078-150-100,0.01,78,1.5,0.948024,0.682096,0.528634,0.42968,0.360734,0.310275,0.27177,0.241487,0.217091,0.196994,0.180182,0.165951
078-150-125,0.0125,78,1.5,0.905801,0.637092,0.487021,0.392041,0.326801,0.279482,0.243583,0.215524,0.192988,0.174496,0.159089,0.146062
078-150-150,0.015,78,1.5,0.871336,0.600677,0.453895,0.362485,0.300356,0.255584,0.221829,0.195498,0.174392,0.157169,0.142838,0.130731
078-150-175,0.0175,78,1.5,0.841009,0.570616,0.426878,0.338596,0.279041,0.236315,0.204266,0.179397,0.159518,0.143319,0.129851,0.118486
078-150-200,0.02,78,1.5,0.814754,0.544762,0.403897,0.318358,0.261144,0.220286,0.189748,0.166072,0.1472,0.131847,0.119088,0.108343
078-200-025,0.0025,78,2.0,1.46912,1.15079,0.941867,0.795227,0.687357,0.604847,0.539946,0.48767,0.444687,0.408709,0.378258,0.35218
078-200-050,0.005,78,2.0,1.31794,0.967976,0.759986,0.623475,0.527414,0.45645,0.402075,0.359147,0.324416,0.295819,0.271877,0.251501
078-200-075,0.0075,78,2.0,1.21963,0.860228,0.658753,0.531427,0.444178,0.380937,0.333076,0.295637,0.265621,0.241053,0.220595,0.203274
078-200-100,0.01,78,2.0,1.14639,0.78486,0.590841,0.471147,0.390511,0.332639,0.28927,0.255544,0.228635,0.206669,0.188465,0.173111
078-200-125,0.0125,78,2.0,1.08774,0.727541,0.540514,0.427146,0.351702,0.298026,0.257986,0.227004,0.202381,0.182348,0.165758,0.151792
078-200-150,0.015,78,2.0,1.03936,0.681596,0.500884,0.393026,0.321827,0.271523,0.234112,0.205294,0.182448,0.163914,0.148541,0.135662
078-200-175,0.0175,78,2.0,0.998401,0.644064,0.468822,0.365488,0.297834,0.250232,0.215005,0.187931,0.166497,0.149152,0.134801,0.12276
078-200-200,0.02,78,2.0,0.961999,0.611806,0.44186,0.342548,0.277973,0.232708,0.199313,0.173661,0.153405,0.137001,0.123468,0.112108
078-250-025,0.0025,78,2.5,1.74337,1.31942,1.05478,0.875909,0.747906,0.651921,0.577597,0.518409,0.470234,0.430402,0.396933,0.368388
078-250-050,0.005,78,2.5,1.53856,1.08829,0.834634,0.673913,0.563656,0.483793,0.423396,0.376287,0.338505,0.307585,0.281847,0.260148
078-250-075,0.0075,78,2.5,1.40882,0.95505,0.715029,0.568401,0.47025,0.400083,0.347814,0.307398,0.275207,0.249021,0.227336,0.209077
078-250-100,0.01,78,2.5,1.31461,0.865072,0.636722,0.500594,0.410999,0.347694,0.300739,0.264613,0.23599,0.212828,0.193611,0.177507
078-250-125,0.0125,78,2.5,1.23939,0.796783,0.578969,0.451615,0.368476,0.310308,0.267331,0.234376,0.2084,0.187354,0.169971,0.155422
078-250-150,0.015,78,2.5,1.1789,0.743229,0.534542,0.414101,0.336255,0.281929,0.242009,0.211514,0.187465,0.168059,0.152062,0.138652
078-250-175,0.0175,78,2.5,1.12695,0.698798,0.498615,0.384117,0.310493,0.259431,0.221961,0.193405,0.170936,0.152827,0.13791,0.125427
078-250-200,0.02,78,2.5,1.08323,0.662099,0.468727,0.359172,0.289167,0.240841,0.205453,0.178493,0.157339,0.140268,0.12624,0.114503
078-300-025,0.0025,78,3.0,1.99279,1.46495,1.14875,0.941063,0.795316,0.687967,0.60578,0.541039,0.48888,0.446009,0.410239,0.37981
078-300-050,0.005,78,3.0,1.7362,1.18883,0.894106,0.712753,0.590988,0.504093,0.439064,0.388701,0.348607,0.316002,0.288996,0.26626
078-300-075,0.0075,78,3.0,1.5751,1.03366,0.759642,0.596633,0.489767,0.414413,0.358688,0.315882,0.28205,0.254649,0.232021,0.213092
078-300-100,0.01,78,3.0,1.46075,0.929517,0.6723,0.522844,0.426021,0.358568,0.309005,0.2711,0.241205,0.217096,0.197212,0.180584
078-300-125,0.0125,78,3.0,1.36991,0.851658,0.608524,0.469735,0.380719,0.319072,0.273941,0.239581,0.212523,0.190716,0.172797,0.157828
078-300-150,0.015,78,3.0,1.29687,0.790829,0.559843,0.429517,0.346551,0.289257,0.247561,0.215845,0.190926,0.1709,0.154435,0.140684
078-300-175,0.0175,78,3.0,1.23615,0.741935,0.520701,0.397327,0.319284,0.265708,0.226738,0.197115,0.173905,0.155263,0.139932,0.127155
078-300-200,0.02,78,3.0,1.18317,0.700385,0.488263,0.370869,0.296995,0.246356,0.209543,0.181679,0.159869,0.142349,0.127988,0.116001
080-050-025,0.0025,80,0.5,0.442721,0.397125,0.360232,0.329833,0.304291,0.28255,0.263911,0.247669,0.233483,0.220948,0.209803,0.199827
080-050-050,0.005,80,0.5,0.421747,0.364236,0.320444,0.285931,0.258135,0.235312,0.216205,0.200015,0.186141,0.174115,0.163602,0.154338
080-050-075,0.0075,80,0.5,0.406516,0.341612,0.294155,0.258031,0.229633,0.206732,0.187947,0.172241,0.158934,0.147548,0.137663,0.129029
080-050-100,0.01,80,0.5,0.394511,0.324325,0.2746,0.23767,0.209222,0.186601,0.168244,0.153049,0.140286,0.129444,0.120088,0.111938
080-050-125,0.0125,80,0.5,0.384106,0.31005,0.258939,0.22164,0.193267,0.171014,0.153123,0.138426,0.12615,0.115734,0.10682,0.0991008
080-050-150,0.015,80,0.5,0.375104,0.297892,0.245766,0.208341,0.18022,0.158366,0.140899,0.126654,0.1148,0.104805,0.0962709,0.0889148
080-050-175,0.0175,80,0.5,0.367108,0.287329,0.234532,0.197126,0.169298,0.147813,0.130753,0.116883,0.105404,0.0957691,0.0875708,0.0805146
080-050-200,0.02,80,0.5,0.359708,0.277904,0.22468,0.187366,0.15984,0.138736,0.122059,0.108559,0.0974315,0.0881038,0.0801896,0.0733991
080-100-025,0.0025,80,1.0,0.810685,0.680184,0.585595,0.513887,0.458031,0.413286,0.376717,0.346287,0.320563,0.298597,0.279591,0.263056
080-100-050,0.005,80,1.0,0.749713,0.596525,0.494245,0.421402,0.367036,0.325026,0.291678,0.264573,0.242129,0.223241,0.207179,0.193332
080-100-075,0.0075,80,1.0,0.708104,0.543875,0.439747,0.368207,0.31626,0.276925,0.246155,0.221472,0.201256,0.184396,0.170143,0.157942
080-100-100,0.01,80,1.0,0.675969,0.505074,0.401026,0.331461,0.28179,0.244708,0.215979,0.193101,0.17448,0.159042,0.146057,0.134972
080-100-125,0.0125,80,1.0,0.649349,0.474761,0.371548,0.303859,0.256216,0.220968,0.193853,0.172414,0.155048,0.140688,0.128658,0.11842
080-100-150,0.015,80,1.0,0.627718,0.450156,0.347935,0.282021,0.236118,0.20242,0.176659,0.156365,0.140003,0.12651,0.115238,0.105665
080-100-175,0.0175,80,1.0,0.607585,0.428693,0.327932,0.26376,0.219506,0.187158,0.162551,0.143241,0.127696,0.114935,0.104274,0.0952565
080-100-200,0.02,80,1.0,0.590443,0.410549,0.311134,0.248481,0.205569,0.174403,0.150807,0.132348,0.117511,0.105337,0.0951942,0.0866244
080-150-025,0.0025,80,1.5,1.12827,0.899199,0.745529,0.636166,0.554708,0.491931,0.442086,0.401544,0.368042,0.339921,0.315973,0.295345
080-150-050,0.005,80,1.5,1.01893,0.763753,0.608062,0.503995,0.42981,0.374511,0.331799,0.297839,0.270219,0.24738,0.228137,0.21178
080-150-075,0.0075,80,1.5,0.947854,0.68294,0.530377,0.432025,0.363813,0.313751,0.275652,0.245681,0.221517,0.20164,0.185034,0.170949
080-150-100,0.01,80,1.5,0.893729,0.625452,0.477169,0.383949,0.320341,0.274267,0.239464,0.212281,0.190483,0.172652,0.157783,0.14522
080-150-125,0.0125,80,1.5,0.850243,0.581027,0.437189,0.348405,0.28855,0.245575,0.213334,0.188234,0.168198,0.151849,0.138238,0.126793
080-150-150,0.015,80,1.5,0.814286,0.545782,0.405851,0.320978,0.264163,0.223653,0.193376,0.169901,0.151217,0.135992,0.123386,0.11277
080-150-175,0.0175,80,1.5,0.783724,0.516524,0.380352,0.298668,0.244435,0.205987,0.177321,0.155197,0.1376,0.12332,0.111492,0.101555
080-150-200,0.02,80,1.5,0.756319,0.491017,0.358561,0.279762,0.22783,0.191141,0.163908,0.142931,0.126271,0.112749,0.101573,0.0921852
080-200-025,0.0025,80,2.0,1.40972,1.07718,0.868052,0.725357,0.622592,0.545232,0.485119,0.43718,0.398053,0.36553,0.338091,0.31478
080-200-050,0.005,80,2.0,1.24851,0.892806,0.689937,0.560642,0.471409,0.4064,0.357044,0.318398,0.287335,0.261864,0.240609,0.222648
080-200-075,0.0075,80,2.0,1.14577,0.785794,0.592899,0.474049,0.393851,0.33642,0.293369,0.259986,0.233325,0.21161,0.193562,0.178369
080-200-100,0.01,80,2.0,1.07012,0.712483,0.528243,0.417633,0.344172,0.292064,0.253279,0.223342,0.199574,0.180279,0.164302,0.150881
080-200-125,0.0125,80,2.0,1.01107,0.657331,0.481152,0.377027,0.308647,0.260498,0.224854,0.197451,0.175791,0.1582,0.143688,0.131517
080-200-150,0.015,80,2.0,0.962189,0.61309,0.444004,0.345394,0.281232,0.236305,0.20312,0.177703,0.157618,0.141378,0.127986,0.116766
080-200-175,0.0175,80,2.0,0.920831,0.577018,0.414008,0.320007,0.259248,0.216858,0.185701,0.161883,0.143068,0.127883,0.115387,0.104932
080-200-200,0.02,80,2.0,0.88484,0.546666,0.389045,0.299049,0.241145,0.200956,0.171461,0.148918,0.131171,0.11686,0.105077,0.0952257
080-250-025,0.0025,80,2.5,1.66065,1.22537,0.964061,0.79265,0.672215,0.583459,0.515531,0.461964,0.41873,0.383097,0.353224,0.327917
080-250-050,0.005,80,2.5,1.44739,0.995391,0.751847,0.601758,0.500564,0.428101,0.373935,0.331899,0.298371,0.271104,0.2485,0.229436
080-250-075,0.0075,80,2.5,1.31396,0.866004,0.638891,0.503605,0.414616,0.351759,0.305194,0.269361,0.241005,0.21802,0.199026,0.183101
080-250-100,0.01,80,2.5,1.21797,0.778821,0.565463,0.44114,0.360424,0.303976,0.262391,0.230581,0.205468,0.185179,0.16846,0.154453
080-250-125,0.0125,80,2.5,1.14267,0.713687,0.511907,0.396108,0.321682,0.270052,0.232122,0.203221,0.180487,0.162139,0.147037,0.134408
080-250-150,0.015,80,2.5,1.08163,0.662985,0.470733,0.361993,0.292513,0.24444,0.209306,0.182561,0.161567,0.144678,0.130799,0.119168
080-250-175,0.0175,80,2.5,1.0317,0.621919,0.437721,0.334629,0.269079,0.223973,0.19109,0.166115,0.146534,0.130759,0.117827,0.107033
080-250-200,0.02,80,2.5,0.987899,0.587157,0.410351,0.312012,0.249932,0.207273,0.176254,0.152699,0.134248,0.119414,0.107244,0.0971075
080-300-025,0.0025,80,3.0,1.89005,1.35119,1.04265,0.846101,0.710932,0.612698,0.538374,0.480347,0.433776,0.395677,0.363972,0.337157
080-300-050,0.005,80,3.0,1.62266,1.07968,0.800189,0.632892,0.522289,0.444179,0.386184,0.341574,0.306269,0.277668,0.254022,0.234191
080-300-075,0.0075,80,3.0,1.45941,0.92986,0.674341,0.52586,0.429725,0.362641,0.313388,0.275788,0.246177,0.222279,0.202594,0.186132
080-300-100,0.01,80,3.0,1.34282,0.830719,0.593013,0.45815,0.37186,0.312221,0.268615,0.235397,0.20935,0.188405,0.171182,0.156781
080-300-125,0.0125,80,3.0,1.25492,0.758711,0.535468,0.410604,0.331373,0.276952,0.237361,0.207298,0.183744,0.164833,0.149298,0.136319
080-300-150,0.015,80,3.0,1.18297,0.701873,0.49067,0.373927,0.300399,0.250089,0.213553,0.185881,0.16425,0.146872,0.132618,0.12074
080-300-175,0.0175,80,3.0,1.12248,0.656092,0.455009,0.344918,0.275983,0.228872,0.194746,0.168995,0.148856,0.132712,0.119481,0.108445
080-300-200,0.02,80,3.0,1.07135,0.617617,0.425438,0.320973,0.255814,0.211428,0.179344,0.155143,0.136217,0.121056,0.108649,0.0983184
