,AIBN-0,Temperature,BA-0,Mn-1,Mn-2,Mn-3,Mn-4,Mn-5,Mn-6,Mn-7,Mn-8,Mn-9,Mn-10,Mn-11,Mn-12,Mw-1,Mw-2,Mw-3,Mw-4,Mw-5,Mw-6,Mw-7,Mw-8,Mw-9,Mw-10,Mw-11,Mw-12
060-050-025,0.0025,60,0.5,59512.9,58759.0,58055.6,57363.6,56696.4,56052.6,55439.6,54865.1,54304.1,53764.4,53245.0,52746.1,29994.2,29600.5,29256.1,28891.5,28539.4,28208.3,27893.3,27587.6,27284.3,26994.9,26712.8,26436.3
060-050-050,0.005,60,0.5,57087.4,56076.2,55065.1,54142.1,53275.4,52439.0,51667.4,50934.2,50249.9,49602.3,48986.1,48403.2,28884.5,28353.1,27849.4,27374.4,26918.1,26473.1,26058.4,25664.5,25286.1,24922.6,24572.8,24239.4
060-050-075,0.0075,60,0.5,55253.9,53988.3,52809.4,51720.2,50724.2,49797.8,48928.5,48120.7,47367.0,46661.3,46003.8,45382.4,28095.7,27429.1,26821.7,26249.3,25717.7,25217.0,24739.3,24284.9,23860.6,23456.9,23074.4,22708.5
060-050-100,0.01,60,0.5,53715.7,52328.7,51005.8,49822.9,48742.9,47728.9,46795.7,45937.4,45141.4,44396.2,43704.2,43058.0,27410.7,26684.2,25998.3,25364.5,24776.2,24220.4,23698.8,23209.4,22749.6,22313.8,21902.3,21512.3
060-050-125,0.0125,60,0.5,52364.1,50867.3,49466.3,48206.0,47043.1,45980.9,45009.8,44116.0,43293.9,42534.0,41826.8,41171.8,26849.2,26037.7,25293.4,24610.4,23972.6,23378.4,22827.3,22309.3,21824.8,21370.5,20939.4,20533.6
060-050-150,0.015,60,0.5,51365.4,49694.6,48173.2,46826.9,45612.1,44507.2,43499.0,42582.2,41739.0,40969.6,40253.5,39596.6,26332.9,25470.3,24669.9,23942.3,23268.0,22647.1,22068.0,21531.8,21027.8,20558.1,20113.4,19698.1
060-050-175,0.0175,60,0.5,50346.9,48556.0,46967.5,45571.6,44315.4,43179.6,42149.9,41211.5,40359.8,39580.8,38865.5,38206.2,25859.3,24947.5,24108.0,23349.8,22651.0,22004.2,21402.3,20844.2,20326.6,19842.7,19390.4,18966.2
060-050-200,0.02,60,0.5,49416.5,47540.3,45898.3,44439.0,43140.3,41978.3,40935.3,39987.6,39129.6,38350.0,37635.3,36979.7,25490.2,24519.2,23629.9,22827.7,22094.7,21424.7,20807.0,20235.6,19705.9,19213.3,18754.3,18324.7
060-100-025,0.0025,60,1.0,128140.0,125384.0,122837.0,120554.0,118367.0,116366.0,114474.0,112726.0,111073.0,109515.0,108064.0,106705.0,64393.5,62952.0,61617.0,60380.3,59209.0,58105.0,57061.0,56074.2,55137.2,54243.3,53400.6,52601.0
060-100-050,0.005,60,1.0,124390.0,120647.0,117246.0,114249.0,111538.0,109079.0,106832.0,104786.0,102915.0,101191.0,99606.0,98129.9,62515.2,60544.2,58746.9,57139.6,55655.1,54273.8,52989.5,51797.6,50689.2,49653.0,48679.0,47760.6
060-100-075,0.0075,60,1.0,121360.0,117041.0,113162.0,109748.0,106751.0,104061.0,101644.0,99485.0,97535.0,95758.4,94127.3,92621.2,61063.0,58809.8,56740.0,54883.9,53194.5,51646.5,50225.1,48925.0,47726.5,46615.3,45577.9,44598.3
060-100-100,0.01,60,1.0,118892.0,114006.0,109773.0,106112.0,102914.0,100092.0,97590.8,95368.8,93376.5,91581.1,89957.4,88482.3,59919.2,57337.5,55056.7,53020.7,51198.7,49539.8,48034.9,46664.1,45406.4,44249.0,43176.6,42182.1
060-100-125,0.0125,60,1.0,116877.0,111496.0,106943.0,103067.0,99741.9,96822.5,94266.4,92015.1,90007.7,88221.4,86609.0,85158.5,58937.4,56113.0,53646.4,51478.7,49543.7,47804.9,46240.3,44822.2,43521.1,42334.7,41238.3,40227.8
060-100-150,0.015,60,1.0,114891.0,109205.0,104402.0,100399.0,96971.8,94008.2,91436.2,89181.3,87185.1,85406.6,83816.7,82387.5,58048.5,55051.8,52417.6,50136.0,48117.1,46315.3,44703.8,43249.9,41927.7,40715.4,39604.5,38582.0
060-100-175,0.0175,60,1.0,113010.0,107086.0,102146.0,98013.1,94524.3,91540.5,88952.2,86694.7,84708.5,82951.8,81389.9,79991.5,57178.1,54036.9,51288.7,48909.8,46829.6,44989.0,43337.9,41854.5,40510.8,39286.7,38167.0,37137.7
060-100-200,0.02,60,1.0,111607.0,105323.0,100201.0,95957.5,92405.2,89390.9,86804.1,84556.0,82590.9,80857.8,79323.7,77950.8,56542.1,53178.2,50325.4,47858.0,45714.0,43826.5,42151.7,40645.0,39288.4,38055.2,36932.8,35900.3
060-150-025,0.0025,60,1.5,205638.0,199628.0,194314.0,189484.0,185189.0,181300.0,177748.0,174478.0,171473.0,168698.0,166162.0,163799.0,102951.0,99849.6,97064.1,94507.9,92150.0,89958.2,87922.6,86027.3,84253.4,82592.0,81041.8,79575.9
060-150-050,0.005,60,1.5,199463.0,191646.0,184955.0,179094.0,174002.0,169492.0,165501.0,161926.0,158695.0,155797.0,153162.0,150773.0,100040.0,95973.7,92351.5,89101.1,86178.3,83535.5,81141.6,78951.7,76926.9,75070.5,73344.6,71749.1
060-150-075,0.0075,60,1.5,195259.0,186273.0,178579.0,172170.0,166630.0,161854.0,157676.0,154007.0,150762.0,147863.0,145263.0,142925.0,97976.1,93150.4,88932.7,85302.7,82072.9,79196.9,76617.5,74282.6,72157.1,70212.2,68422.6,66780.1
060-150-100,0.01,60,1.5,191325.0,181411.0,173176.0,166377.0,160627.0,155717.0,151500.0,147832.0,144601.0,141756.0,139225.0,136961.0,96041.5,90713.9,86149.1,82224.6,78789.5,75761.0,73066.2,70657.8,68467.6,66478.9,64670.1,63005.8
060-150-125,0.0125,60,1.5,188271.0,177458.0,168783.0,161687.0,155769.0,150799.0,146563.0,142928.0,139759.0,136986.0,134529.0,132343.0,94543.3,88724.0,83883.9,79718.4,76112.5,72969.1,70197.5,67732.0,65521.1,63522.0,61699.2,60030.9
060-150-150,0.015,60,1.5,185545.0,173988.0,164920.0,157624.0,151643.0,146652.0,142437.0,138832.0,135721.0,133007.0,130622.0,128512.0,93204.8,86985.7,81849.2,77513.3,73810.2,70582.8,67764.5,65263.9,63032.0,61015.4,59191.1,57524.3
060-150-175,0.0175,60,1.5,182656.0,170840.0,161552.0,154097.0,148060.0,143062.0,138879.0,135320.0,132272.0,129622.0,127303.0,125262.0,91906.6,85450.7,80123.8,75643.3,71837.0,68549.4,65681.0,63146.9,60899.9,58879.2,57051.2,55391.7
060-150-200,0.02,60,1.5,180329.0,167904.0,158376.0,150869.0,144820.0,139854.0,135710.0,132215.0,129222.0,126643.0,124391.0,122417.0,90746.9,83948.7,78459.2,73880.8,70013.9,66691.3,63798.0,61260.4,58997.1,56981.0,55158.4,53506.1
060-200-025,0.0025,60,2.0,293499.0,283249.0,274438.0,266607.0,259703.0,253506.0,247959.0,242959.0,238425.0,234323.0,230563.0,227123.0,146642.0,141439.0,136708.0,132421.0,128548.0,125000.0,121753.0,118763.0,115991.0,113436.0,111051.0,108825.0
060-200-050,0.005,60,2.0,284566.0,271366.0,260349.0,251051.0,243133.0,236277.0,230334.0,225106.0,220456.0,216323.0,212618.0,209281.0,142516.0,135537.0,129474.0,124179.0,119546.0,115409.0,111706.0,108359.0,105315.0,102532.0,99971.3,97613.4
060-200-075,0.0075,60,2.0,278508.0,263252.0,251064.0,241003.0,232550.0,225425.0,219344.0,214087.0,209490.0,205470.0,201904.0,198742.0,139465.0,131305.0,124475.0,118628.0,113498.0,109043.0,105104.0,101592.0,98412.8,95548.9,92934.0,90554.1
060-200-100,0.01,60,2.0,272771.0,256389.0,243365.0,232849.0,224216.0,217059.0,211008.0,205840.0,201388.0,197506.0,194098.0,191082.0,136623.0,127753.0,120350.0,114095.0,108730.0,104101.0,100041.0,96440.2,93239.5,90350.6,87737.1,85352.0
060-200-125,0.0125,60,2.0,268470.0,250754.0,237089.0,226317.0,217586.0,210407.0,204417.0,199358.0,195021.0,191278.0,188017.0,185137.0,134486.0,124825.0,116950.0,110418.0,104867.0,100105.0,95963.1,92328.4,89094.5,86203.8,83598.1,81221.5
060-200-150,0.015,60,2.0,264236.0,245703.0,231592.0,220635.0,211888.0,204773.0,198878.0,193931.0,189731.0,186119.0,182978.0,180231.0,132508.0,122298.0,114041.0,107278.0,101599.0,96755.7,92561.9,88891.7,85648.3,82761.6,80157.7,77799.4
060-200-175,0.0175,60,2.0,260970.0,241577.0,227073.0,215946.0,207169.0,200112.0,194326.0,189489.0,185395.0,181886.0,178856.0,176221.0,130799.0,120039.0,111508.0,104546.0,98755.4,93848.2,89634.4,85959.6,82716.7,79819.2,77226.4,74890.4
060-200-200,0.02,60,2.0,257413.0,237393.0,222712.0,211578.0,202861.0,195892.0,190213.0,185483.0,181498.0,178111.0,175189.0,172653.0,129119.0,117896.0,109133.0,102054.0,96200.0,91257.9,87025.7,83339.0,80093.0,77219.1,74646.4,72326.8
060-250-025,0.0025,60,2.5,393691.0,378652.0,365691.0,354169.0,344231.0,335452.0,327679.0,320761.0,314552.0,308942.0,303878.0,299275.0,196744.0,188867.0,181826.0,175458.0,169795.0,164656.0,159983.0,155729.0,151803.0,148195.0,144853.0,141742.0
060-250-050,0.005,60,2.5,381611.0,362361.0,346268.0,332987.0,321877.0,312418.0,304211.0,297129.0,290948.0,285473.0,280635.0,276320.0,190899.0,180535.0,171566.0,163841.0,157173.0,151274.0,146011.0,141306.0,137080.0,133228.0,129729.0,126525.0
060-250-075,0.0075,60,2.5,372955.0,350810.0,333186.0,318936.0,307254.0,297629.0,289468.0,282551.0,276579.0,271377.0,266821.0,262800.0,186620.0,174531.0,164473.0,155960.0,148679.0,142424.0,136915.0,132070.0,127750.0,123845.0,120326.0,117126.0
060-250-100,0.01,60,2.5,365970.0,341672.0,322908.0,308274.0,296517.0,286872.0,278891.0,272145.0,266402.0,261444.0,257142.0,253365.0,182913.0,169609.0,158767.0,149816.0,142262.0,135781.0,130202.0,125280.0,120926.0,117028.0,113523.0,110338.0
060-250-125,0.0125,60,2.5,359970.0,334023.0,314693.0,299709.0,287878.0,278336.0,270470.0,263943.0,258404.0,253683.0,249583.0,246019.0,180082.0,165703.0,154270.0,144907.0,137092.0,130486.0,124783.0,119836.0,115455.0,111567.0,108073.0,104923.0
060-250-150,0.015,60,2.5,353884.0,326873.0,307060.0,291974.0,280280.0,270895.0,263246.0,256918.0,251606.0,247086.0,243194.0,239814.0,177082.0,162002.0,150145.0,140509.0,132576.0,125899.0,120173.0,115206.0,110856.0,106989.0,103533.0,100410.0
060-250-175,0.0175,60,2.5,349967.0,321739.0,301380.0,286180.0,274451.0,265187.0,257712.0,251558.0,246414.0,242066.0,238339.0,235111.0,175001.0,159064.0,146725.0,136859.0,128773.0,122019.0,116268.0,111311.0,106968.0,103136.0,99708.2,96625.0
060-250-200,0.02,60,2.5,345166.0,316036.0,295486.0,280330.0,268757.0,259669.0,252367.0,246391.0,241429.0,237240.0,233661.0,230573.0,172732.0,156143.0,143501.0,133508.0,125368.0,118588.0,112831.0,107873.0,103552.0,99741.5,96341.4,93286.3
060-300-025,0.0025,60,3.0,510699.0,489238.0,470968.0,455426.0,441964.0,430217.0,419895.0,410780.0,402731.0,395472.0,389018.0,383162.0,255383.0,244043.0,233986.0,225201.0,217338.0,210287.0,203902.0,198107.0,192856.0,188010.0,183617.0,179531.0
060-300-050,0.005,60,3.0,494511.0,467582.0,445645.0,427665.0,412794.0,400337.0,389715.0,380641.0,372762.0,365880.0,359838.0,354500.0,247363.0,232701.0,220301.0,209697.0,200541.0,192543.0,185491.0,179235.0,173637.0,168594.0,164021.0,159869.0
060-300-075,0.0075,60,3.0,483906.0,452835.0,428825.0,409754.0,394456.0,381938.0,371525.0,362718.0,355226.0,348774.0,343156.0,338219.0,241882.0,224758.0,210812.0,199213.0,189415.0,181044.0,173756.0,167337.0,161664.0,156595.0,152035.0,147889.0
060-300-100,0.01,60,3.0,473798.0,440313.0,415130.0,395711.0,380374.0,368021.0,357906.0,349476.0,342336.0,336253.0,331005.0,326429.0,236743.0,218129.0,203193.0,191015.0,180855.0,172252.0,164858.0,158418.0,152739.0,147697.0,143175.0,139092.0
060-300-125,0.0125,60,3.0,466462.0,430541.0,404471.0,384756.0,369496.0,357353.0,347516.0,339396.0,332592.0,326826.0,321877.0,317586.0,232948.0,212740.0,197062.0,184406.0,174002.0,165266.0,157822.0,151363.0,145707.0,140695.0,136212.0,132181.0
060-300-150,0.015,60,3.0,459278.0,421692.0,395075.0,375312.0,360212.0,348335.0,338813.0,330987.0,324472.0,318986.0,314301.0,310255.0,229335.0,208008.0,191715.0,178740.0,168176.0,159370.0,151922.0,145484.0,139851.0,134875.0,130454.0,126467.0
060-300-175,0.0175,60,3.0,452368.0,413829.0,386808.0,367158.0,352246.0,340657.0,331403.0,323854.0,317602.0,312357.0,307907.0,304069.0,225976.0,203850.0,187047.0,173891.0,163208.0,154365.0,146885.0,140450.0,134854.0,129918.0,125544.0,121604.0
060-300-200,0.02,60,3.0,446734.0,407029.0,379753.0,360115.0,345416.0,334044.0,325056.0,317774.0,311769.0,306742.0,302479.0,298822.0,223033.0,200077.0,182877.0,169506.0,158752.0,149864.0,142404.0,136002.0,130438.0,125550.0,121207.0,117316.0
063-050-025,0.0025,63,0.5,53203.6,52394.6,51574.6,50821.4,50105.7,49425.5,48766.6,48139.6,47547.4,46990.2,46460.5,45952.3,26848.1,26425.1,26009.1,25609.6,25224.0,24860.8,24510.3,24173.4,23854.6,23548.4,23253.5,22969.0
063-050-050,0.005,63,0.5,50711.8,49529.1,48455.9,47457.8,46519.5,45667.5,44871.9,44131.6,43444.0,42795.1,42193.0,41626.8,25704.2,25103.4,24548.6,24026.2,23528.8,23062.5,22624.4,22209.1,21818.2,21445.6,21095.2,20760.1
063-050-075,0.0075,63,0.5,48966.8,47570.8,46317.0,45161.0,44103.5,43145.5,42264.4,41454.9,40708.0,40021.3,39383.6,38788.3,24933.4,24216.8,23555.6,22935.9,22361.6,21826.4,21327.9,20864.5,20428.3,20021.0,19636.7,19271.3
063-050-100,0.01,63,0.5,47513.7,45932.3,44524.5,43261.2,42131.5,41112.0,40186.7,39345.1,38574.8,37868.2,37214.5,36611.7,24280.3,23465.8,22714.8,22033.4,21411.9,20836.6,20303.0,19806.0,19344.0,18911.9,18506.5,18125.2
063-050-125,0.0125,63,0.5,46283.8,44539.3,43024.5,41682.0,40493.1,39427.6,38471.2,37607.7,36823.6,36108.3,35455.0,34854.5,23725.3,22832.1,22022.8,21287.6,20619.0,20008.6,19447.5,18929.2,18447.4,17997.9,17579.8,17188.5
063-050-150,0.015,63,0.5,45171.1,43365.8,41757.5,40358.3,39127.9,38026.5,37045.4,36165.5,35372.0,34656.3,34005.6,33408.5,23261.0,22306.8,21435.6,20656.8,19956.4,19314.9,18727.7,18190.4,17693.1,17233.5,16806.4,16406.3
063-050-175,0.0175,63,0.5,44199.9,42264.2,40613.1,39156.6,37891.8,36774.6,35784.1,34899.8,34110.5,33395.2,32748.2,32157.7,22804.9,21792.7,20895.7,20082.3,19351.4,18690.5,18087.2,17535.9,17030.6,16561.6,16127.5,15722.3
063-050-200,0.02,63,0.5,43379.7,41326.1,39589.0,38099.3,36805.9,35674.0,34672.5,33788.1,32997.0,32286.8,31647.9,31068.3,22430.2,21361.3,20412.5,19573.0,18819.9,18138.8,17519.4,16957.1,16440.1,15964.6,15527.2,15120.0
063-100-025,0.0025,63,1.0,114815.0,111763.0,108982.0,106406.0,104052.0,101931.0,99996.2,98218.3,96573.8,95056.3,93643.5,92336.6,57593.8,56023.4,54558.9,53169.6,51897.1,50719.9,49629.4,48611.1,47659.5,46758.5,45913.4,45121.0
063-100-050,0.005,63,1.0,110659.0,106628.0,103045.0,99856.2,97099.2,94640.0,92433.8,90461.1,88680.9,87070.4,85603.3,84260.2,55651.2,53534.7,51597.7,49852.3,48302.2,46886.5,45583.6,44392.7,43291.5,42275.9,41335.6,40458.3
063-100-075,0.0075,63,1.0,107812.0,103075.0,98946.6,95446.0,92430.8,89821.8,87507.0,85460.7,83638.9,82010.5,80551.8,79227.5,54248.5,51743.7,49514.2,47560.6,45816.7,44260.0,42846.8,41569.8,40399.8,39328.5,38343.9,37434.6
063-100-100,0.01,63,1.0,105246.0,99880.6,95492.6,91773.6,88623.7,85928.4,83574.9,81521.0,79710.5,78113.0,76686.2,75402.0,53053.7,50226.2,47801.5,45687.4,43826.0,42182.6,40704.2,39372.4,38170.4,37076.4,36074.9,35151.3
063-100-125,0.0125,63,1.0,103177.0,97378.9,92711.5,88850.6,85610.6,82873.2,80516.8,78473.6,76688.6,75111.6,73720.3,72471.3,52079.3,48996.4,46389.6,44151.4,42201.8,40494.6,38976.3,37616.7,36391.4,35277.8,34266.8,33336.0
063-100-150,0.015,63,1.0,101186.0,95106.8,90234.2,86266.0,82980.6,80222.1,77866.3,75847.8,74087.1,72551.3,71193.0,69986.9,51206.4,47925.1,45183.1,42844.3,40828.1,39068.2,37512.3,36128.4,34885.0,33764.9,32746.5,31815.5
063-100-175,0.0175,63,1.0,99470.3,93070.9,88056.9,84011.6,80695.7,77934.1,75602.3,73608.6,71885.4,70383.0,69064.4,67897.3,50381.4,46923.8,44064.3,41654.0,39585.0,37791.8,36222.2,34825.8,33577.9,32451.5,31433.2,30503.3
063-100-200,0.02,63,1.0,97885.2,91263.8,86115.4,82026.3,78690.3,75935.7,73618.0,71652.1,69960.8,68493.1,67208.9,66077.4,49658.5,46042.2,43083.1,40611.0,38497.2,36676.7,35081.2,33675.1,32420.3,31290.8,30272.9,29346.8
063-150-025,0.0025,63,1.5,184239.0,177480.0,171684.0,166677.0,162254.0,158295.0,154779.0,151617.0,148740.0,146121.0,143738.0,141559.0,92135.4,88706.6,85611.0,82862.6,80363.2,78086.8,76018.3,74121.5,72360.6,70728.6,69210.2,67800.2
063-150-050,0.005,63,1.5,177562.0,169154.0,162044.0,156125.0,151044.0,146663.0,142876.0,139550.0,136619.0,134021.0,131690.0,129599.0,88983.9,84549.7,80656.5,77279.0,74298.4,71646.4,69285.3,67150.2,65223.6,63473.2,61860.7,60380.7
063-150-075,0.0075,63,1.5,173101.0,163285.0,155400.0,148995.0,143655.0,139168.0,135346.0,132036.0,129164.0,126639.0,124409.0,122425.0,86792.2,81519.2,77130.1,73396.4,70157.0,67336.1,64848.0,62629.1,60641.8,58833.8,57196.8,55699.6
063-150-100,0.01,63,1.5,169185.0,158508.0,150170.0,143482.0,138041.0,133525.0,129710.0,126466.0,123675.0,121245.0,119116.0,117233.0,84921.9,79145.2,74375.9,70381.2,66990.1,64055.4,61485.0,59216.0,57197.8,55384.1,53739.6,52245.5
063-150-125,0.0125,63,1.5,165945.0,154610.0,145856.0,139015.0,133509.0,129006.0,125255.0,122084.0,119370.0,117029.0,114993.0,113198.0,83334.8,77114.1,72068.1,67905.3,64389.4,61387.7,58778.5,56481.1,54445.0,52623.4,50985.4,49495.2
063-150-150,0.015,63,1.5,162986.0,151072.0,142051.0,135122.0,129619.0,125153.0,121460.0,118375.0,115751.0,113496.0,111543.0,109832.0,81974.5,75377.5,70089.8,65794.8,62205.5,59145.6,56501.9,54194.9,52159.6,50340.5,48712.7,47234.2
063-150-175,0.0175,63,1.5,160503.0,148062.0,138872.0,131890.0,126391.0,121974.0,118353.0,115337.0,112795.0,110621.0,108743.0,107107.0,80725.1,73800.7,68343.4,63941.2,60281.7,57190.7,54537.8,52225.4,50193.7,48385.3,46764.8,45301.6
063-150-200,0.02,63,1.5,158181.0,145311.0,135990.0,128955.0,123479.0,119124.0,115575.0,112640.0,110169.0,108067.0,106259.0,104686.0,79616.6,72393.5,66801.9,62297.1,58591.6,55477.8,52815.6,50505.0,48473.5,46675.4,45065.3,43612.3
063-200-025,0.0025,63,2.0,262141.0,250986.0,241632.0,233627.0,226633.0,220572.0,215273.0,210518.0,206300.0,202542.0,199148.0,196074.0,131100.0,125214.0,120130.0,115631.0,111603.0,108002.0,104771.0,101807.0,99112.3,96660.9,94394.1,92291.6
063-200-050,0.005,63,2.0,252975.0,238869.0,227530.0,218352.0,210662.0,204191.0,198666.0,193932.0,189826.0,186221.0,183044.0,180217.0,126617.0,119002.0,112655.0,107257.0,102599.0,98523.9,94923.0,91729.7,88874.7,86287.0,83943.8,81798.9
063-200-075,0.0075,63,2.0,246558.0,230563.0,218161.0,208387.0,200495.0,193994.0,188549.0,183939.0,180001.0,176585.0,173601.0,170985.0,123342.0,114654.0,107552.0,101642.0,96653.1,92364.9,88626.6,85335.3,82426.4,79813.9,77457.3,75322.9
063-200-100,0.01,63,2.0,240840.0,223692.0,210682.0,200671.0,192710.0,186290.0,180986.0,176545.0,172790.0,169569.0,166778.0,164338.0,120619.0,111105.0,103464.0,97238.9,92042.9,87637.5,83844.4,80530.2,77615.6,75020.6,72689.5,70582.4
063-200-125,0.0125,63,2.0,236513.0,218170.0,204737.0,194575.0,186656.0,180333.0,175182.0,170912.0,167315.0,164255.0,161616.0,159321.0,118396.0,108168.0,100151.0,93709.7,88391.6,83911.5,80086.8,76766.0,73848.0,71272.2,68959.9,66877.9
063-200-150,0.015,63,2.0,232590.0,213360.0,199627.0,189421.0,181550.0,175346.0,170338.0,166214.0,162752.0,159826.0,157324.0,155152.0,116402.0,105573.0,97269.1,90656.1,85253.3,80744.9,76907.1,73594.2,70680.6,68113.8,65827.9,63770.2
063-200-175,0.0175,63,2.0,228765.0,208949.0,195062.0,184847.0,177077.0,171009.0,166131.0,162144.0,158829.0,156032.0,153642.0,151579.0,114593.0,103271.0,94739.5,88001.1,82528.6,78001.9,74157.8,70850.8,67971.4,65427.5,63162.6,61128.0
063-200-200,0.02,63,2.0,225410.0,205061.0,191066.0,180904.0,173248.0,167298.0,162569.0,158704.0,155504.0,152823.0,150534.0,148564.0,112922.0,101232.0,92502.9,85668.4,80166.3,75611.9,71782.8,68482.5,65611.3,63094.9,60853.1,58841.4
063-250-025,0.0025,63,2.5,351459.0,335047.0,321367.0,309807.0,299952.0,291475.0,284119.0,277694.0,272051.0,267028.0,262549.0,258551.0,175805.0,167079.0,159474.0,152854.0,147010.0,141858.0,137231.0,133058.0,129300.0,125871.0,122732.0,119863.0
063-250-050,0.005,63,2.5,339650.0,318712.0,302405.0,289345.0,278746.0,269959.0,262580.0,256306.0,250930.0,246268.0,242193.0,238609.0,169815.0,158411.0,149041.0,141200.0,134542.0,128803.0,123780.0,119346.0,115413.0,111881.0,108703.0,105821.0
063-250-075,0.0075,63,2.5,330432.0,306882.0,289331.0,275782.0,265034.0,256362.0,249247.0,243309.0,238268.0,233944.0,230211.0,226962.0,165069.0,152032.0,141710.0,133290.0,126236.0,120266.0,115143.0,110681.0,106736.0,103222.0,100078.0,97249.0
063-250-100,0.01,63,2.5,322999.0,297797.0,279594.0,265853.0,255179.0,246694.0,239821.0,234150.0,229399.0,225362.0,221899.0,218900.0,161360.0,147209.0,136205.0,127402.0,120147.0,114058.0,108874.0,104384.0,100461.0,96985.7,93887.3,91100.5
063-250-125,0.0125,63,2.5,316700.0,290219.0,271476.0,257682.0,247154.0,238922.0,232325.0,226921.0,222418.0,218625.0,215380.0,212586.0,158312.0,143179.0,131648.0,122561.0,115175.0,109037.0,103859.0,99392.1,95489.7,92058.3,88991.7,86246.7
063-250-150,0.015,63,2.5,311698.0,283868.0,264782.0,251020.0,240693.0,232678.0,226313.0,221132.0,216849.0,213256.0,210207.0,207586.0,155579.0,139631.0,127720.0,118445.0,110994.0,104844.0,99671.4,95227.3,91365.2,87972.6,84961.0,82261.3
063-250-175,0.0175,63,2.5,306470.0,277960.0,258815.0,245113.0,234966.0,227178.0,221033.0,216079.0,211994.0,208582.0,205692.0,203217.0,153010.0,136422.0,124260.0,114824.0,107311.0,101162.0,95998.9,91599.1,87780.0,84431.0,81457.8,78802.8
063-250-200,0.02,63,2.5,302003.0,272841.0,253569.0,240024.0,230065.0,222498.0,216547.0,211770.0,207866.0,204608.0,201856.0,199503.0,150756.0,133592.0,121166.0,111673.0,104137.0,97999.9,92856.7,88485.3,84706.2,81393.0,78452.4,75825.7
063-300-025,0.0025,63,3.0,457245.0,433992.0,414728.0,398893.0,385693.0,374478.0,364889.0,356567.0,349286.0,342910.0,337249.0,332206.0,228237.0,215775.0,205090.0,195900.0,187938.0,180941.0,174757.0,169195.0,164196.0,159695.0,155581.0,151808.0
063-300-050,0.005,63,3.0,439640.0,410982.0,388818.0,371473.0,357532.0,346191.0,336812.0,328914.0,322189.0,316418.0,311429.0,307042.0,219734.0,203838.0,190901.0,180236.0,171251.0,163574.0,156963.0,151150.0,146015.0,141444.0,137351.0,133626.0
063-300-075,0.0075,63,3.0,428146.0,395802.0,372231.0,354282.0,340402.0,329359.0,320413.0,313005.0,306774.0,301501.0,296965.0,293039.0,213667.0,195513.0,181333.0,169853.0,160461.0,152556.0,145843.0,140007.0,134881.0,130352.0,126308.0,122674.0
063-300-100,0.01,63,3.0,418666.0,384020.0,359495.0,341515.0,327845.0,317131.0,308566.0,301561.0,295772.0,290890.0,286730.0,283146.0,208797.0,189039.0,173956.0,162057.0,152416.0,144407.0,137645.0,131811.0,126753.0,122294.0,118322.0,114761.0
063-300-125,0.0125,63,3.0,410589.0,374024.0,349096.0,331178.0,317831.0,307516.0,299355.0,292740.0,287303.0,282757.0,278887.0,275578.0,204564.0,183483.0,167780.0,155614.0,145881.0,137854.0,131112.0,125339.0,120343.0,115953.0,112047.0,108559.0
063-300-150,0.015,63,3.0,402873.0,365239.0,340162.0,322472.0,309465.0,299534.0,291723.0,285451.0,280308.0,276025.0,272404.0,269311.0,200814.0,178792.0,162653.0,150277.0,140465.0,132450.0,125742.0,120030.0,115086.0,110748.0,106902.0,103469.0
063-300-175,0.0175,63,3.0,396435.0,357787.0,332642.0,315179.0,302467.0,292843.0,285346.0,279366.0,274488.0,270432.0,267019.0,264112.0,197481.0,174596.0,158131.0,145639.0,135787.0,127777.0,121107.0,115445.0,110564.0,106282.0,102501.0,99125.5
063-300-200,0.02,63,3.0,390702.0,351298.0,326138.0,308887.0,296470.0,287175.0,279961.0,274225.0,269567.0,265710.0,262476.0,259730.0,194523.0,170856.0,154114.0,141519.0,131650.0,123688.0,117064.0,111459.0,106620.0,102391.0,98655.3,95331.3
065-050-025,0.0025,65,0.5,49396.9,48509.4,47639.2,46809.4,46034.2,45322.0,44648.9,44021.3,43421.7,42867.1,42337.8,41838.8,24952.4,24487.0,24032.9,23605.6,23194.4,22812.9,22449.0,22105.2,21774.3,21463.1,21164.5,20876.5
065-050-050,0.005,65,0.5,47083.7,45762.3,44584.9,43531.2,42571.6,41692.6,40882.1,40138.5,39450.4,38811.3,38218.3,37667.4,23878.1,23212.3,22604.5,22043.4,21521.9,21037.4,20582.9,20158.5,19760.6,19383.9,19031.0,18695.7
065-050-075,0.0075,65,0.5,45189.2,43703.7,42363.6,41177.8,40102.8,39137.3,38261.5,37469.8,36744.7,36081.5,35470.3,34905.4,23033.8,22271.8,21566.7,20925.3,20329.0,19782.4,19277.1,18812.0,18377.8,17973.4,17593.3,17236.7
065-050-100,0.01,65,0.5,43737.3,42058.3,40596.7,39311.0,38171.4,37155.0,36244.8,35425.2,34683.1,34008.3,33393.3,32830.4,22394.5,21530.8,20744.1,20034.6,19391.2,18804.4,18265.7,17769.9,17312.1,16887.1,16492.7,16123.2
065-050-125,0.0125,65,0.5,42499.9,40702.8,39148.8,37781.1,36592.1,35541.3,34610.5,33773.7,33025.7,32350.6,31740.0,31183.9,21846.0,20898.5,20054.8,19294.5,18611.5,17995.3,17434.2,16916.9,16442.5,16005.2,15600.2,15223.8
065-050-150,0.015,65,0.5,41478.4,39522.3,37884.9,36463.8,35232.3,34162.2,33217.5,32379.3,31632.8,30964.9,30361.8,29816.2,21373.2,20350.5,19454.5,18651.8,17937.8,17298.7,16716.4,16187.0,15701.7,15258.0,14846.3,14466.0
065-050-175,0.0175,65,0.5,40525.4,38488.7,36779.3,35321.1,34073.6,32987.2,32039.0,31203.2,30461.3,29800.2,29205.7,28669.7,20971.1,19887.9,18941.6,18108.1,17367.6,16707.6,16110.7,15569.6,15075.9,14624.4,14207.4,13823.4
065-050-200,0.02,65,0.5,39689.5,37567.2,35794.4,34301.4,33028.6,31935.4,30986.0,30153.4,29416.2,28763.0,28180.8,27657.5,20574.1,19446.3,18460.0,17599.7,16841.9,16165.5,15559.3,15011.0,14510.5,14054.7,13637.6,13253.1
065-100-025,0.0025,65,1.0,106730.0,103281.0,100333.0,97677.3,95307.7,93179.8,91245.0,89486.3,87874.1,86408.9,85050.7,83801.7,53500.8,51736.8,50173.5,48736.1,47431.0,46233.3,45126.1,44100.6,43143.5,42258.5,41424.8,40644.4
065-100-050,0.005,65,1.0,102384.0,98060.3,94376.0,91165.5,88390.9,85962.4,83829.9,81933.9,80245.7,78729.6,77359.4,76119.1,51474.2,49199.8,47202.3,45414.6,43822.9,42391.0,41099.7,39926.2,38855.4,37870.4,36960.9,36121.2
065-100-075,0.0075,65,1.0,99441.8,94353.8,90159.8,86650.1,83694.7,81165.6,78971.5,77058.9,75373.1,73878.9,72544.8,71347.5,50055.8,47370.4,45066.4,43062.5,41311.5,39767.6,38385.8,37149.5,36027.6,35007.7,34072.3,33211.9
065-100-100,0.01,65,1.0,96863.0,91347.5,86875.8,83197.4,80131.7,77547.3,75341.9,73435.9,71773.9,70319.3,69027.4,67877.2,48870.8,45895.9,43401.4,41258.0,39401.0,37777.5,36343.0,35063.5,33913.2,32876.3,31928.6,31062.4
065-100-125,0.0125,65,1.0,94752.8,88790.1,84068.7,80296.9,77177.1,74583.2,72381.9,70503.1,68877.8,67463.3,66220.2,65120.3,47880.1,44646.6,41966.2,39729.1,37797.6,36127.0,34653.2,33350.6,32184.7,31138.0,30186.7,29321.3
065-100-150,0.015,65,1.0,92861.7,86574.8,81701.2,77828.9,74681.2,72091.3,69919.3,68078.6,66496.3,65126.0,63926.9,62871.5,47020.4,43586.4,40775.3,38438.1,36447.1,34735.6,33241.5,31926.4,30754.1,29704.1,28755.4,27893.5
065-100-175,0.0175,65,1.0,91193.6,84601.4,79593.4,75657.9,72510.6,69939.1,67798.4,65995.5,64458.4,63130.4,61973.4,60956.3,46192.9,42583.8,39680.5,37272.9,35245.5,33510.6,32005.2,30684.9,29514.1,28465.8,27519.2,26660.4
065-100-200,0.02,65,1.0,89612.3,82812.9,77705.2,73748.8,70607.4,68056.7,65949.4,64183.1,62681.7,61392.1,60275.3,59296.3,45495.3,41735.0,38731.1,36261.5,34201.9,32444.6,30925.8,29597.1,28422.3,27375.7,26434.9,25582.4
065-150-025,0.0025,65,1.5,170676.0,163568.0,157681.0,152580.0,148119.0,144222.0,140786.0,137733.0,134997.0,132542.0,130326.0,128321.0,85377.8,81713.3,78524.7,75686.3,73130.0,70857.9,68789.8,66912.5,65188.9,63608.4,62149.6,60804.8
065-150-050,0.005,65,1.5,164216.0,155340.0,148117.0,142186.0,137236.0,133052.0,129464.0,126354.0,123643.0,121262.0,119150.0,117270.0,82267.0,77517.9,73513.6,70088.8,67112.6,64512.7,62203.8,60138.5,58286.4,56612.6,55087.0,53696.4
065-150-075,0.0075,65,1.5,159359.0,149296.0,141460.0,135191.0,130086.0,125845.0,122280.0,119250.0,116652.0,114385.0,112401.0,110651.0,80003.2,74489.8,70003.6,66255.8,63066.4,60311.4,57906.2,55785.8,53900.3,52204.0,50674.7,49285.9
065-150-100,0.01,65,1.5,155711.0,144678.0,136365.0,129894.0,124725.0,120511.0,117025.0,114094.0,111594.0,109440.0,107570.0,105928.0,78142.7,72107.8,67277.5,63298.6,59975.0,57131.8,54679.3,52535.4,50633.7,48937.8,47414.4,46034.2
065-150-125,0.0125,65,1.5,152441.0,140800.0,132209.0,125639.0,120476.0,116306.0,112906.0,110062.0,107658.0,105606.0,103833.0,102285.0,76559.8,70100.8,65007.4,60882.6,57468.4,54572.3,52093.8,49930.8,48028.4,46340.6,44830.7,43466.4
065-150-150,0.015,65,1.5,149487.0,137311.0,128512.0,121912.0,116785.0,112710.0,109400.0,106661.0,104357.0,102397.0,100711.0,99249.7,75122.1,68306.0,63012.8,58784.3,55306.0,52389.1,49902.8,47747.5,45855.0,44178.2,42678.3,41330.0
065-150-175,0.0175,65,1.5,146903.0,134303.0,125393.0,118773.0,113693.0,109700.0,106469.0,103812.0,101596.0,99720.7,98112.4,96719.7,73877.1,66744.0,61306.6,56989.0,53470.9,50543.2,48046.5,45890.5,44008.9,42347.8,40863.8,39529.7
065-150-200,0.02,65,1.5,144591.0,131608.0,122595.0,116010.0,110999.0,107078.0,103933.0,101361.0,99223.7,97420.5,95881.3,94551.6,72761.3,65356.9,59779.5,55408.5,51853.1,48904.9,46410.1,44265.1,42396.4,40744.7,39276.6,37957.7
065-200-025,0.0025,65,2.0,243100.0,231531.0,221859.0,213748.0,206879.0,201000.0,195891.0,191407.0,187475.0,183999.0,180889.0,178091.0,121573.0,115460.0,110143.0,105495.0,101449.0,97875.0,94671.7,91785.7,89178.3,86815.4,84652.5,82659.5
065-200-050,0.005,65,2.0,233676.0,219212.0,207765.0,198742.0,191384.0,185295.0,180179.0,175817.0,172081.0,168837.0,166003.0,163510.0,116882.0,109002.0,102455.0,97043.0,92441.3,88469.3,85008.9,81945.5,79231.7,76794.2,74598.3,72612.9
065-200-075,0.0075,65,2.0,226977.0,210702.0,198422.0,188981.0,181519.0,175499.0,170546.0,166401.0,162889.0,159885.0,157286.0,155016.0,113561.0,104525.0,97311.6,91447.7,86560.5,82437.2,78890.1,75790.1,73058.9,70637.7,68468.1,66509.7
065-200-100,0.01,65,2.0,221346.0,203868.0,191157.0,181621.0,174211.0,168326.0,163559.0,159621.0,156326.0,153522.0,151109.0,149018.0,110804.0,100954.0,93312.8,87211.8,82183.2,77978.3,74395.2,71293.5,68584.0,66189.1,64044.5,62119.3
065-200-125,0.0125,65,2.0,217000.0,198419.0,185398.0,175836.0,168545.0,162829.0,158239.0,154480.0,151347.0,148705.0,146447.0,144497.0,108589.0,97992.3,90009.5,83718.7,78617.4,74376.5,70792.1,67708.6,65018.1,62646.6,60534.6,58638.5
065-200-150,0.015,65,2.0,212849.0,193632.0,180422.0,170880.0,163736.0,158187.0,153766.0,150168.0,147196.0,144694.0,142567.0,140736.0,106553.0,95436.8,87185.4,80772.1,75622.3,71371.7,67790.5,64720.3,62057.3,59714.2,57632.4,55768.6
065-200-175,0.0175,65,2.0,209074.0,189300.0,176030.0,166579.0,159561.0,154163.0,149905.0,146461.0,143619.0,141245.0,139233.0,137506.0,104616.0,93135.3,84694.9,78190.7,73009.1,68753.7,65195.3,62153.1,59513.6,57200.6,55147.6,53310.7
065-200-200,0.02,65,2.0,206118.0,185749.0,172393.0,163024.0,156139.0,150886.0,146754.0,143439.0,140721.0,138454.0,136534.0,134891.0,103018.0,91105.4,82500.2,75945.1,70749.0,66505.3,62953.3,59935.6,57326.0,55038.2,53009.9,51194.4
065-250-025,0.0025,65,2.5,325959.0,308550.0,294542.0,282961.0,273364.0,265197.0,258237.0,252265.0,247079.0,242505.0,238484.0,234895.0,163067.0,153615.0,145764.0,139022.0,133201.0,128068.0,123540.0,119529.0,115940.0,112681.0,109742.0,107041.0
065-250-050,0.005,65,2.5,313817.0,292037.0,275737.0,263085.0,253016.0,244865.0,238136.0,232480.0,227666.0,223556.0,220000.0,216887.0,156645.0,144730.0,135214.0,127406.0,120879.0,115339.0,110572.0,106397.0,102699.0,99425.0,96495.3,93845.6
065-250-075,0.0075,65,2.5,304073.0,280236.0,262944.0,250040.0,240045.0,232138.0,225732.0,220466.0,216036.0,212296.0,209086.0,206305.0,151894.0,138462.0,128022.0,119728.0,112915.0,107231.0,102391.0,98217.7,94545.3,91317.7,88438.0,85854.5
065-250-100,0.01,65,2.5,296736.0,271180.0,253435.0,240523.0,230762.0,223139.0,217055.0,212089.0,207980.0,204532.0,201584.0,199048.0,148103.0,133511.0,122510.0,113907.0,106972.0,101228.0,96384.6,92219.1,88611.6,85441.3,82617.4,80088.0
065-250-125,0.0125,65,2.5,290652.0,263897.0,245864.0,233015.0,223463.0,216134.0,210337.0,205653.0,201801.0,198577.0,195844.0,193496.0,144997.0,129482.0,118052.0,109247.0,102221.0,96475.1,91647.0,87530.1,83970.1,80844.0,78074.0,75589.9
065-250-150,0.015,65,2.5,285189.0,257544.0,239406.0,226713.0,217421.0,210344.0,204810.0,200365.0,196728.0,193700.0,191143.0,188958.0,142202.0,125943.0,114232.0,105305.0,98254.3,92507.6,87721.1,83648.4,80127.6,77049.7,74321.7,71885.2
065-250-175,0.0175,65,2.5,280334.0,252018.0,233838.0,221339.0,212271.0,205440.0,200133.0,195892.0,192434.0,189570.0,187159.0,185102.0,139660.0,122817.0,110863.0,101872.0,94802.9,89083.2,84330.8,80290.4,76811.0,73775.2,71093.6,68697.2
065-250-200,0.02,65,2.5,275766.0,247006.0,228903.0,216628.0,207802.0,201205.0,196091.0,192038.0,188750.0,186029.0,183749.0,181806.0,137324.0,120030.0,107903.0,98863.7,91795.5,86096.7,81365.5,77368.8,73935.0,70936.6,68293.5,65930.8
065-300-025,0.0025,65,3.0,423214.0,399002.0,379788.0,364199.0,351467.0,340755.0,331736.0,324061.0,317437.0,311663.0,306614.0,302159.0,211271.0,198172.0,187244.0,177999.0,170119.0,163214.0,157171.0,151844.0,147084.0,142801.0,138940.0,135439.0
065-300-050,0.005,65,3.0,406847.0,376958.0,354927.0,338204.0,325092.0,314625.0,306127.0,299057.0,293106.0,288072.0,283721.0,279963.0,202964.0,186260.0,173116.0,162508.0,153745.0,146375.0,140095.0,134624.0,129830.0,125605.0,121824.0,118433.0
065-300-075,0.0075,65,3.0,394337.0,361546.0,338507.0,321646.0,308811.0,298809.0,290838.0,284362.0,278962.0,274430.0,270571.0,267245.0,196592.0,177844.0,163605.0,152427.0,143350.0,135836.0,129508.0,124100.0,119380.0,115228.0,111536.0,108231.0
065-300-100,0.01,65,3.0,384856.0,349828.0,326278.0,309534.0,297111.0,287604.0,280117.0,274083.0,269126.0,264984.0,261477.0,258477.0,191605.0,171233.0,156260.0,144738.0,135545.0,128039.0,121764.0,116411.0,111782.0,107718.0,104122.0,100907.0
065-300-125,0.0125,65,3.0,376284.0,340000.0,316272.0,299827.0,287834.0,278753.0,271686.0,266029.0,261402.0,257566.0,254332.0,251579.0,187185.0,165730.0,150273.0,138585.0,129370.0,121875.0,115653.0,110369.0,105797.0,101809.0,98277.8,95133.5
065-300-150,0.015,65,3.0,368993.0,331669.0,307984.0,291880.0,280283.0,271593.0,264881.0,259538.0,255199.0,251621.0,248614.0,246057.0,183472.0,161083.0,145278.0,133470.0,124236.0,116773.0,110593.0,105368.0,100870.0,96950.9,93486.0,90395.5
065-300-175,0.0175,65,3.0,362163.0,324310.0,300767.0,284984.0,273776.0,265453.0,259048.0,253987.0,249892.0,246524.0,243708.0,241316.0,180008.0,156907.0,140870.0,128975.0,119769.0,112367.0,106241.0,101080.0,96639.8,92780.2,89376.9,86339.7
065-300-200,0.02,65,3.0,356705.0,318149.0,294774.0,279308.0,268439.0,260408.0,254267.0,249437.0,245545.0,242355.0,239689.0,237428.0,177018.0,153267.0,137045.0,125128.0,115948.0,108590.0,102520.0,97412.7,93026.1,89214.3,85848.7,82854.9
068-050-025,0.0025,68,0.5,44150.7,43136.0,42198.7,41313.5,40501.1,39764.3,39075.0,38434.0,37838.4,37284.7,36771.0,36283.0,22318.6,21803.2,21306.4,20839.0,20407.3,20006.9,19625.0,19266.3,18928.8,18610.3,18311.5,18023.0
068-050-050,0.005,68,0.5,41711.7,40331.3,39108.0,38008.2,37030.6,36149.4,35352.1,34631.9,33971.0,33364.8,32813.3,32303.3,21223.6,20504.0,19852.9,19254.8,18717.1,18218.9,17758.5,17333.5,16936.8,16567.6,16224.3,15902.4
068-050-075,0.0075,68,0.5,40029.1,38383.5,36964.8,35735.9,34658.7,33711.6,32868.9,32111.5,31432.4,30818.3,30259.8,29752.6,20450.7,19600.8,18833.0,18153.7,17541.6,16988.8,16484.5,16022.6,15598.3,15206.2,14842.0,14505.1
068-050-100,0.01,68,0.5,38615.0,36797.8,35267.7,33961.5,32829.6,31846.2,30979.6,30212.4,29530.8,28920.5,28370.6,27874.7,19826.2,18865.4,18029.7,17292.3,16634.2,16044.4,15511.1,15026.9,14585.4,14180.4,13807.4,13462.3
068-050-125,0.0125,68,0.5,37425.8,35493.6,33865.6,32497.0,31328.2,30325.5,29452.8,28687.1,28012.3,27413.0,26876.6,26394.3,19294.2,18256.8,17360.5,16575.4,15882.4,15266.7,14715.0,14216.9,13765.3,13352.9,12974.7,12626.1
068-050-150,0.015,68,0.5,36380.6,34343.6,32652.3,31245.0,30060.7,29048.5,28176.8,27417.6,26753.0,26166.9,25644.2,25177.6,18814.0,17720.3,16776.5,15958.0,15244.1,14610.2,14045.0,13537.2,13079.6,12663.6,12282.5,11933.3
068-050-175,0.0175,68,0.5,35504.8,33355.9,31606.3,30166.4,28968.8,27955.5,27089.7,26341.3,25689.5,25116.3,24609.0,24156.4,18419.3,17258.5,16270.4,15418.4,14680.9,14033.3,13460.2,12946.5,12484.9,12066.8,11686.0,11336.4
068-050-200,0.02,68,0.5,34696.6,32452.0,30661.8,29204.0,28000.0,26989.9,26132.2,25395.6,24756.9,24198.7,23706.1,23269.1,18054.4,16833.8,15808.7,14934.3,14181.3,13523.6,12943.5,12427.1,11963.6,11545.2,11165.0,10817.9
068-100-025,0.0025,68,1.0,95159.0,91567.7,88417.9,85693.8,83300.8,81183.1,79298.6,77628.4,76124.0,74767.4,73537.6,72413.1,47788.0,45894.9,44202.3,42702.0,41345.8,40121.8,39004.3,37990.2,37059.8,36202.8,35411.2,34673.9
068-100-050,0.005,68,1.0,91000.3,86294.0,82461.2,79264.2,76567.1,74262.0,72277.3,70550.3,69029.7,67685.1,66491.2,65422.1,45795.8,43288.9,41165.5,39327.3,37726.1,36311.7,35057.8,33936.0,32921.5,31998.8,31160.0,30390.1
068-100-075,0.0075,68,1.0,87987.4,82620.6,78362.2,74936.0,72127.7,69774.3,67783.6,66076.7,64599.1,63307.0,62170.1,61163.2,44336.7,41464.1,39056.5,37030.5,35305.0,33801.2,32483.0,31313.3,30269.4,29328.7,28476.1,27698.5
068-100-100,0.01,68,1.0,85499.1,79632.4,75149.3,71602.5,68741.9,66386.4,64424.0,62761.6,61337.3,60107.1,59032.1,58084.1,43166.5,39966.1,37381.4,35235.6,33420.3,31863.5,30510.3,29321.4,28267.5,27324.7,26473.9,25701.3
068-100-125,0.0125,68,1.0,83261.6,77084.9,72448.7,68853.1,65997.0,63671.2,61748.8,60137.4,58767.1,57589.9,56568.2,55674.2,42129.1,38705.6,35988.5,33758.6,31898.4,30311.8,28939.7,27743.2,26686.8,25745.1,24898.1,24133.1
068-100-150,0.015,68,1.0,81492.9,74984.5,70216.6,66574.5,63722.2,61435.6,59558.4,57997.9,56678.7,55552.6,54579.4,53730.1,41261.0,37644.0,34806.7,32508.6,30607.0,29004.7,27624.8,26424.9,25368.6,24431.9,23592.4,22833.8
068-100-175,0.0175,68,1.0,79814.1,73072.6,68206.7,64557.6,61730.5,59484.7,57658.8,56149.9,54879.7,53801.1,52872.2,52065.9,40463.9,36677.7,33750.4,31402.4,29474.2,27857.3,26476.4,25280.3,24229.6,23299.3,22467.7,21719.6
068-100-200,0.02,68,1.0,78301.2,71359.9,66457.6,62813.5,60021.9,57819.1,56039.4,54575.0,53352.2,52316.4,51428.4,50659.3,39739.2,35805.4,32809.2,30424.8,28480.3,26856.6,25474.4,24281.7,23239.6,22319.4,21497.6,20759.1
068-150-025,0.0025,68,1.5,152060.0,144656.0,138507.0,133352.0,129001.0,125271.0,122055.0,119259.0,116803.0,114622.0,112682.0,110937.0,76153.4,72204.7,68808.5,65871.2,63311.5,61051.4,59035.0,57232.0,55605.4,54122.6,52771.8,51528.9
068-150-050,0.005,68,1.5,145722.0,136396.0,129140.0,123401.0,118749.0,114904.0,111684.0,108959.0,106618.0,104589.0,102812.0,101249.0,73014.5,67930.8,63775.7,60329.5,57410.1,54902.0,52722.4,50810.0,49106.9,47583.7,46208.8,44964.1
068-150-075,0.0075,68,1.5,140836.0,130381.0,122632.0,116702.0,112022.0,108253.0,105149.0,102561.0,100365.0,98487.5,96863.5,95445.9,70614.7,64830.1,60266.3,56571.1,53502.4,50910.9,48682.4,46740.3,45032.8,43515.9,42157.0,40930.4
068-150-100,0.01,68,1.5,137036.0,125813.0,117775.0,111767.0,107123.0,103446.0,100459.0,97996.1,95931.3,94178.4,92675.1,91368.0,68773.0,62450.6,57592.4,53725.8,50563.6,47926.5,45673.3,43732.8,42035.2,40532.9,39194.5,37990.9
068-150-125,0.0125,68,1.5,133754.0,121980.0,113766.0,107756.0,103191.0,99615.5,96747.9,94406.0,92456.9,90813.0,89407.6,88194.7,67142.6,60425.5,55369.8,51399.4,48185.3,45523.8,43275.3,41343.1,39662.6,38180.2,36860.2,35677.2
068-150-150,0.015,68,1.5,130971.0,118724.0,110401.0,104430.0,99956.7,96492.2,93734.6,91495.8,89644.4,88088.8,86767.5,85631.2,65697.3,58670.5,53460.2,49422.1,46188.9,43523.5,41277.9,39361.3,37695.8,36231.1,34932.7,33770.7
068-150-175,0.0175,68,1.5,128323.0,115784.0,107433.0,101523.0,97144.7,93788.0,91136.1,88994.7,87233.8,85760.3,84511.5,83441.7,64430.1,57123.1,51793.2,47704.5,44456.0,41791.7,39559.5,37658.3,36012.8,34570.0,33289.0,32147.8
068-150-200,0.02,68,1.5,126016.0,113228.0,104864.0,99019.5,94733.7,91477.2,88918.8,86861.5,85175.0,83770.3,82583.5,81569.6,63306.0,55760.2,50336.0,46213.3,42952.5,40299.4,38080.4,36192.0,34560.6,33133.4,31872.2,30746.3
068-200-025,0.0025,68,2.0,216720.0,204335.0,194429.0,186436.0,179874.0,174386.0,169720.0,165714.0,162253.0,159243.0,156591.0,154241.0,108306.0,101623.0,96073.8,91374.9,87355.9,83873.1,80811.9,78093.3,75671.8,73497.8,71532.0,69739.0
068-200-050,0.005,68,2.0,207259.0,192054.0,180803.0,172216.0,165442.0,159997.0,155534.0,151819.0,148685.0,146001.0,143682.0,141665.0,103636.0,95189.2,88551.8,83182.3,78726.0,74964.2,71743.7,68955.9,66507.5,64334.1,62388.9,60638.6
068-200-075,0.0075,68,2.0,200430.0,183684.0,171880.0,163147.0,156493.0,151287.0,147078.0,143635.0,140766.0,138339.0,136265.0,134469.0,100111.0,90629.6,83442.5,77746.9,73149.1,69339.4,66096.1,63309.4,60886.6,58753.4,56855.9,55153.4
068-200-100,0.01,68,2.0,194864.0,177039.0,165007.0,156365.0,149909.0,144908.0,140946.0,137722.0,135069.0,132842.0,130950.0,129323.0,97368.6,87068.8,79520.9,73673.0,69008.3,65166.1,61946.4,59186.6,56800.4,54705.9,52849.5,51188.6
068-200-125,0.0125,68,2.0,190335.0,171861.0,159677.0,151136.0,144857.0,140072.0,136314.0,133293.0,130812.0,128745.0,126992.0,125494.0,94967.4,84145.6,76321.8,70366.8,65665.4,61835.8,58636.9,55918.8,53571.9,51518.7,49697.2,48074.1
068-200-150,0.015,68,2.0,186078.0,167139.0,154961.0,146593.0,140522.0,135924.0,132352.0,129499.0,127170.0,125235.0,123609.0,122217.0,92864.0,81595.0,73593.1,67586.5,62881.4,59055.7,55887.4,53201.4,50890.1,48870.7,47092.5,45501.0
068-200-175,0.0175,68,2.0,182686.0,163277.0,151135.0,142914.0,137009.0,132595.0,129185.0,126470.0,124268.0,122445.0,120913.0,119610.0,91090.2,79401.9,71269.9,65224.4,60513.1,56719.1,53583.0,50929.6,48649.8,46662.1,44909.8,43350.2
068-200-200,0.02,68,2.0,179316.0,159647.0,147588.0,139542.0,133821.0,129573.0,126302.0,123716.0,121622.0,119894.0,118446.0,117219.0,89399.7,77416.5,69179.6,63120.4,58418.2,54653.6,51544.0,48920.5,46670.9,44711.9,42983.9,41450.5
068-250-025,0.0025,68,2.5,291182.0,272684.0,258439.0,247177.0,238077.0,230607.0,224364.0,219093.0,214591.0,210714.0,207326.0,204345.0,145325.0,135201.0,127033.0,120252.0,114496.0,109577.0,105304.0,101553.0,98243.5,95292.0,92633.7,90222.9
068-250-050,0.005,68,2.5,277816.0,255568.0,239676.0,227934.0,218890.0,211764.0,205999.0,201270.0,197322.0,193981.0,191118.0,188634.0,138612.0,126068.0,116411.0,108818.0,102620.0,97465.9,93077.4,89309.4,86025.9,83129.3,80549.0,78232.3
068-250-075,0.0075,68,2.5,268311.0,244144.0,227760.0,216058.0,207341.0,200619.0,195304.0,191002.0,187451.0,184484.0,181966.0,179801.0,133737.0,119736.0,109411.0,101466.0,95120.8,89912.8,85561.2,81849.2,78626.0,75811.0,73317.3,71083.9
068-250-100,0.01,68,2.5,260948.0,235500.0,218921.0,207445.0,199071.0,192728.0,187765.0,183797.0,180554.0,177862.0,175590.0,173646.0,129868.0,114854.0,104078.0,95959.9,89567.5,84387.3,80076.3,76420.8,73274.8,70531.4,68107.0,65942.9
068-250-125,0.0125,68,2.5,254628.0,228378.0,211847.0,200651.0,192604.0,186593.0,181939.0,178238.0,175234.0,172753.0,170671.0,168899.0,126653.0,110870.0,99807.8,91597.1,85203.6,80061.2,75799.7,72205.1,69113.1,66424.5,64053.2,61940.9
068-250-150,0.015,68,2.5,249043.0,222245.0,205884.0,194959.0,187238.0,181507.0,177112.0,173643.0,170838.0,168529.0,166598.0,164958.0,123765.0,107375.0,96169.7,87912.1,81542.7,76437.1,72233.2,68695.4,65659.2,63017.4,60693.2,58626.2
068-250-175,0.0175,68,2.5,244253.0,217065.0,200851.0,190222.0,182767.0,177302.0,173133.0,169861.0,167224.0,165059.0,163253.0,161726.0,121253.0,104376.0,93011.3,84741.5,78385.2,73330.5,69180.2,65696.7,62713.5,60119.1,57837.9,55812.7
068-250-200,0.02,68,2.5,239707.0,212323.0,196302.0,185948.0,178773.0,173542.0,169571.0,166468.0,163978.0,161938.0,160238.0,158806.0,118839.0,101632.0,90179.5,81910.0,75607.2,70604.7,66506.9,63070.1,60130.9,57582.1,55338.6,53351.3
068-300-025,0.0025,68,3.0,378277.0,352402.0,332873.0,317838.0,305930.0,296239.0,288304.0,281655.0,276029.0,271227.0,267049.0,263418.0,188654.0,174416.0,162986.0,153681.0,145943.0,139331.0,133687.0,128758.0,124427.0,120590.0,117131.0,114021.0
068-300-050,0.005,68,3.0,360077.0,329671.0,308508.0,293148.0,281580.0,272603.0,265469.0,259660.0,254850.0,250805.0,247364.0,244411.0,179386.0,161929.0,148769.0,138513.0,130271.0,123494.0,117789.0,112908.0,108671.0,104948.0,101647.0,98701.1
068-300-075,0.0075,68,3.0,347440.0,314507.0,292947.0,277931.0,266959.0,258635.0,252138.0,246926.0,242665.0,239126.0,236139.0,233597.0,172840.0,153394.0,139424.0,128839.0,120494.0,113715.0,108082.0,103303.0,99176.5,95578.6,92402.0,89577.4
068-300-100,0.01,68,3.0,337658.0,303323.0,281739.0,267160.0,256733.0,248950.0,242949.0,238192.0,234329.0,231144.0,228469.0,226198.0,167643.0,146902.0,132426.0,121693.0,113345.0,106629.0,101084.0,96402.0,92377.6,88878.9,85788.8,83042.9
068-300-125,0.0125,68,3.0,329237.0,294012.0,272629.0,258531.0,248596.0,241292.0,235695.0,231294.0,227746.0,224837.0,222410.0,220355.0,163211.0,141555.0,126756.0,115951.0,107624.0,100985.0,95521.2,90928.0,86987.0,83572.6,80569.9,77901.0
068-300-150,0.015,68,3.0,322410.0,286499.0,265419.0,251771.0,242285.0,235347.0,230089.0,225968.0,222668.0,219970.0,217721.0,215824.0,159512.0,137040.0,122056.0,111235.0,102974.0,96392.6,91001.3,86474.1,82608.1,79259.8,76316.4,73700.0
068-300-175,0.0175,68,3.0,315674.0,279615.0,258901.0,245645.0,236566.0,229982.0,225024.0,221161.0,218076.0,215556.0,213464.0,211706.0,156047.0,133057.0,117953.0,107117.0,98910.0,92402.3,87096.0,82652.6,78859.0,75568.6,72677.6,70115.9
068-300-200,0.02,68,3.0,309812.0,273596.0,253242.0,240431.0,231721.0,225457.0,220752.0,217101.0,214188.0,211816.0,209852.0,208199.0,152940.0,129484.0,114302.0,103526.0,95391.3,88974.8,83734.3,79353.9,75615.3,72373.1,69530.1,67009.2
070-050-025,0.0025,70,0.5,41014.3,39924.8,38912.5,37993.6,37165.6,36409.4,35718.0,35076.6,34495.2,33956.4,33458.3,32994.7,20745.1,20177.4,19652.5,19164.6,18717.4,18301.4,17913.9,17549.4,17213.5,16896.1,16599.5,16319.8
070-050-050,0.005,70,0.5,38602.4,37152.5,35866.4,34741.5,33751.2,32874.9,32092.6,31390.0,30756.1,30183.8,29662.6,29185.9,19655.7,18892.7,18207.4,17590.1,17032.1,16527.6,16066.3,15643.4,15255.3,14895.9,14562.5,14251.4
070-050-075,0.0075,70,0.5,36873.4,35175.6,33724.5,32483.2,31418.2,30492.4,29679.6,28960.8,28321.1,27750.4,27236.9,26770.8,18879.2,17980.5,17192.8,16494.5,15875.9,15321.2,14822.5,14369.8,13956.4,13580.0,13232.5,12910.9
070-050-100,0.01,70,0.5,35503.1,33622.3,32059.3,30757.7,29650.1,28699.4,27876.9,27157.4,26525.4,25963.9,25464.8,25017.1,18245.3,17247.3,16385.8,15638.7,14979.0,14394.2,13872.3,13402.5,12978.6,12591.1,12237.5,11912.9
070-050-125,0.0125,70,0.5,34374.5,32332.2,30683.6,29332.4,28203.3,27249.0,26429.3,25718.9,25100.1,24554.9,24072.2,23642.4,17735.8,16637.9,15716.0,14925.8,14238.5,13637.2,13101.6,12621.7,12190.6,11799.6,11444.2,11118.9
070-050-150,0.015,70,0.5,33376.0,31227.9,29522.4,28140.7,26999.6,26043.7,25231.5,24535.2,23932.2,23404.4,22939.5,22527.1,17283.0,16123.6,15153.3,14329.3,13620.3,13001.0,12455.1,11970.2,11536.3,11144.1,10788.1,10464.0
070-050-175,0.0175,70,0.5,32475.1,30248.4,28500.1,27099.8,25958.5,25008.6,24207.4,23525.5,22938.1,22427.6,21979.5,21584.1,16883.6,15664.8,14654.2,13805.7,13081.4,12452.4,11899.9,11412.1,10976.5,10585.3,10231.2,9909.02
070-050-200,0.02,70,0.5,31661.9,29359.9,27586.0,26179.3,25039.1,24099.4,23314.3,22648.2,22076.9,21582.4,21150.1,20770.1,16514.9,15244.2,14206.9,13339.5,12601.7,11966.0,11411.0,10921.6,10486.9,10097.1,9744.82,9425.71
070-100-025,0.0025,70,1.0,88491.1,84571.5,81331.7,78580.0,76208.1,74134.9,72313.1,70702.0,69275.2,67997.2,66849.2,65813.8,44413.6,42365.2,40602.3,39058.9,37688.7,36461.5,35356.9,34353.7,33446.3,32614.9,31853.3,31151.9
070-100-050,0.005,70,1.0,84156.8,79285.4,75386.1,72218.7,69600.9,67396.1,65526.1,63921.4,62528.7,61304.9,60224.9,59267.0,42339.1,39731.4,37542.9,35689.6,34099.1,32710.1,31491.0,30412.1,29446.5,28574.3,27783.0,27063.2
070-100-075,0.0075,70,1.0,81031.0,75537.1,71298.8,67964.8,65284.2,63084.1,61242.8,59690.6,58359.1,57209.6,56205.6,55322.8,40857.7,37850.7,35412.5,33394.7,31697.2,30241.8,28976.6,27870.0,26887.3,26010.0,25219.4,24503.5
070-100-100,0.01,70,1.0,78437.6,72490.7,68074.9,64681.8,62004.1,59839.8,58060.3,56568.1,55305.6,54222.7,53282.8,52462.9,39638.6,36341.0,33740.7,31627.3,29868.1,28380.2,27099.0,25982.2,25000.2,24126.4,23341.0,22633.3
070-100-125,0.0125,70,1.0,76393.1,70097.1,65554.2,62135.0,59476.1,57352.7,55623.1,54190.7,52986.1,51961.3,51078.5,50311.0,38651.8,35119.9,32391.3,30205.0,28408.0,26895.4,25604.2,24486.0,23506.3,22638.7,21863.7,21165.9
070-100-150,0.015,70,1.0,74542.6,67996.0,63369.7,59946.5,57320.0,55249.2,53576.6,52202.9,51055.0,50081.4,49248.1,48526.5,37776.4,34059.5,31228.3,28987.9,27162.6,25643.3,24349.6,23236.9,22264.6,21405.5,20640.3,19953.0
070-100-175,0.0175,70,1.0,72862.2,66116.9,61442.9,58035.7,55455.8,53441.9,51824.9,50506.6,49409.5,48484.5,47694.5,47013.1,36950.2,33092.4,30191.0,27917.2,26079.0,24557.7,23268.2,22162.1,21199.0,20350.2,19595.5,18919.7
070-100-200,0.02,70,1.0,71367.4,64463.1,59760.6,56382.5,53851.1,51886.4,50323.0,49053.3,48001.7,47118.1,46365.7,45719.4,36241.0,32246.1,29282.5,26985.2,25139.2,23615.3,22333.1,21234.1,20280.4,19441.6,18697.7,18033.2
070-150-025,0.0025,70,1.5,141042.0,133316.0,127055.0,121966.0,117719.0,114173.0,111142.0,108534.0,106265.0,104272.0,102516.0,100956.0,70610.2,66467.0,62967.4,60009.5,57440.9,55218.1,53260.2,51524.1,49968.5,48561.2,47290.6,46131.6
070-150-050,0.005,70,1.5,134386.0,124787.0,117634.0,112102.0,107718.0,104166.0,101228.0,98774.2,96682.9,94887.7,93333.5,91972.8,67334.4,62038.6,57857.0,54446.3,51609.5,49204.7,47131.7,45332.0,43741.0,42327.2,41061.5,39919.3
070-150-075,0.0075,70,1.5,129629.0,118997.0,111416.0,105781.0,101434.0,97999.9,95214.3,92923.7,90997.1,89366.5,87965.4,86748.6,64959.6,58979.3,54408.9,50782.6,47824.8,45359.1,43262.6,41458.8,39878.7,38486.8,37245.4,36129.8
070-150-100,0.01,70,1.5,125851.0,114496.0,106721.0,101094.0,96847.0,93543.7,90903.4,88750.5,86959.8,85453.3,84169.0,83062.6,63052.9,56576.2,51761.4,48016.7,45004.5,42521.2,40429.3,38638.0,37075.6,35707.0,34489.6,33400.8
070-150-125,0.0125,70,1.5,122526.0,110762.0,102908.0,97336.1,93200.9,90021.1,87504.4,85473.6,83800.0,82399.1,81210.0,80188.2,61421.6,54584.6,49599.6,45780.7,42742.1,40255.3,38168.6,36394.7,34858.0,33512.8,32320.3,31254.0
070-150-150,0.015,70,1.5,119548.0,107492.0,99639.0,94155.4,90140.8,87084.9,84693.4,82772.3,81196.4,79885.7,78778.0,77830.5,59957.8,52835.2,47744.5,43879.7,40829.2,38347.0,36281.6,34528.1,33012.3,31691.0,30523.1,29481.5
070-150-175,0.0175,70,1.5,117137.0,104780.0,96922.9,91529.1,87628.0,84682.2,82390.6,80559.5,79066.5,77828.9,76786.4,75897.2,58730.4,51360.1,46162.5,42264.7,39216.3,36744.4,34694.3,32957.4,31463.8,30161.9,29012.5,27990.5
070-150-200,0.02,70,1.5,114741.0,102240.0,94429.5,89141.7,85354.7,82518.8,80325.2,78581.8,77164.4,75990.6,75006.2,74167.0,57565.5,50001.0,44739.0,40828.0,37784.0,35330.2,33301.9,31589.2,30117.7,28835.2,27706.4,26699.6
070-200-025,0.0025,70,2.0,200723.0,187822.0,177967.0,170170.0,163879.0,158713.0,154412.0,150769.0,147659.0,144962.0,142607.0,140541.0,100308.0,93294.4,87629.9,82927.8,78966.8,75574.7,72645.7,70075.1,67804.4,65772.3,63940.4,62286.8
070-200-050,0.005,70,2.0,190757.0,175471.0,164544.0,156410.0,150150.0,145205.0,141197.0,137920.0,135172.0,132843.0,130849.0,129121.0,95320.9,86668.7,80044.9,74810.5,70538.6,66978.1,63958.4,61373.9,59112.1,57117.3,55346.8,53757.2
070-200-075,0.0075,70,2.0,184021.0,167290.0,155978.0,147863.0,141812.0,137139.0,133438.0,130447.0,127975.0,125903.0,124141.0,122629.0,91873.5,82180.0,75070.2,69581.5,65206.4,61617.1,58614.5,56058.2,53843.5,51903.2,50186.4,48653.4
070-200-100,0.01,70,2.0,178477.0,160925.0,149497.0,141570.0,135768.0,131367.0,127914.0,125145.0,122878.0,120993.0,119403.0,118044.0,89025.2,78667.5,71251.5,65671.0,61269.2,57701.0,54725.1,52202.1,50029.9,48134.2,46462.3,44971.7
070-200-125,0.0125,70,2.0,173895.0,155794.0,144381.0,136625.0,131053.0,126873.0,123635.0,121060.0,118963.0,117228.0,115767.0,114526.0,86688.9,75793.7,68182.1,62525.5,58120.8,54570.7,51640.5,49165.4,47036.2,45183.5,43548.1,42095.5
070-200-150,0.015,70,2.0,169820.0,151352.0,140033.0,132485.0,127128.0,123152.0,120097.0,117678.0,115719.0,114104.0,112754.0,111607.0,84600.9,73309.1,65569.6,59891.2,55499.5,51984.2,49090.8,46651.1,44559.1,42742.8,41145.3,39726.0
070-200-175,0.0175,70,2.0,166371.0,147593.0,136401.0,129043.0,123890.0,120086.0,117178.0,114893.0,113050.0,111537.0,110274.0,109202.0,82788.1,71156.6,63334.2,57643.3,53276.5,49790.4,46927.3,44525.3,42469.3,40685.2,39118.5,37724.6
070-200-200,0.02,70,2.0,163153.0,144224.0,133161.0,125995.0,121023.0,117384.0,114620.0,112454.0,110714.0,109291.0,108104.0,107099.0,81100.4,69214.9,61325.7,55634.0,51294.7,47845.8,45022.0,42657.2,40636.6,38885.2,37348.2,35983.5
070-250-025,0.0025,70,2.5,269358.0,250371.0,236206.0,225360.0,216772.0,209855.0,204169.0,199431.0,195438.0,192019.0,189066.0,186488.0,134401.0,123888.0,115582.0,108846.0,103255.0,98526.1,94467.2,90949.6,87867.1,85131.5,82690.7,80487.1
070-250-050,0.005,70,2.5,255724.0,233450.0,218152.0,207133.0,198850.0,192458.0,187365.0,183233.0,179818.0,176957.0,174525.0,172431.0,127535.0,114671.0,105120.0,97729.3,91815.4,86973.4,82896.3,79417.9,76406.3,73767.5,71439.5,69355.8
070-250-075,0.0075,70,2.5,246279.0,222328.0,206763.0,196015.0,188205.0,182282.0,177663.0,173963.0,170940.0,168433.0,166317.0,164511.0,122551.0,108339.0,98220.1,90612.3,84649.8,79820.4,75814.3,72414.1,69490.9,66944.8,64698.4,62698.4
070-250-100,0.01,70,2.5,238936.0,213982.0,198497.0,188095.0,180677.0,175159.0,170902.0,167531.0,164801.0,162540.0,160646.0,159040.0,118681.0,103534.0,93092.8,85392.2,79423.9,74643.9,70705.0,67388.6,64544.2,62065.3,59884.4,57948.8
070-250-125,0.0125,70,2.5,232469.0,207020.0,191767.0,181718.0,174669.0,169484.0,165530.0,162416.0,159902.0,157842.0,156119.0,154658.0,115321.0,99576.3,88961.2,81217.1,75279.8,70554.6,66686.6,63435.4,60648.7,58232.7,56109.5,54221.0
070-250-150,0.015,70,2.5,227304.0,201420.0,186361.0,176660.0,169936.0,165031.0,161314.0,158407.0,156070.0,154164.0,152572.0,151228.0,112492.0,96212.5,85461.7,77733.6,71845.5,67176.0,63357.1,60160.9,57428.1,55067.6,52988.2,51143.8
070-250-175,0.0175,70,2.5,222248.0,196295.0,181529.0,172139.0,165717.0,161072.0,157565.0,154835.0,152653.0,150872.0,149393.0,148149.0,109943.0,93298.1,82469.3,74742.4,68904.9,64299.4,60537.1,57394.7,54713.8,52394.3,50359.2,48557.4
070-250-200,0.02,70,2.5,218002.0,191941.0,177439.0,168367.0,162200.0,157772.0,154451.0,151872.0,149817.0,148146.0,146760.0,145593.0,107605.0,90672.4,79795.7,72116.8,66328.4,61774.1,58069.3,54977.2,52341.3,50064.1,48068.2,46300.1
070-300-025,0.0025,70,3.0,349806.0,323591.0,304496.0,290058.0,278938.0,270091.0,262921.0,257006.0,252053.0,247841.0,244228.0,241093.0,174289.0,159600.0,148159.0,138963.0,131465.0,125187.0,119852.0,115258.0,111243.0,107697.0,104535.0,101697.0
070-300-050,0.005,70,3.0,331538.0,301100.0,280842.0,266632.0,256165.0,248174.0,241919.0,236895.0,232781.0,229344.0,226447.0,223964.0,164929.0,147091.0,134125.0,124252.0,116456.0,110100.0,104819.0,100340.0,96479.9,93102.2,90128.9,87474.8
070-300-075,0.0075,70,3.0,318980.0,286605.0,266320.0,252668.0,242913.0,235638.0,230032.0,225589.0,221995.0,219024.0,216539.0,214423.0,158282.0,138714.0,125089.0,115018.0,107200.0,100924.0,95746.3,91388.7,87658.0,84412.4,81563.0,79021.9
070-300-100,0.01,70,3.0,308945.0,275552.0,255600.0,242552.0,233416.0,226713.0,221611.0,217598.0,214371.0,211725.0,209518.0,207648.0,152958.0,132253.0,118293.0,108162.0,100395.0,94218.1,89168.6,84923.4,81295.2,78152.0,75388.7,72932.1
070-300-125,0.0125,70,3.0,300929.0,266942.0,247387.0,234859.0,226236.0,219990.0,215254.0,211572.0,208625.0,206223.0,204225.0,202536.0,148604.0,127049.0,112902.0,102759.0,95066.7,88997.4,84017.1,79864.3,76321.1,73257.7,70571.6,68183.5
070-300-150,0.015,70,3.0,293798.0,259606.0,240438.0,228439.0,220274.0,214407.0,210005.0,206583.0,203864.0,201652.0,199817.0,198275.0,144762.0,122646.0,108332.0,98241.9,90630.4,84639.9,79765.6,75692.3,72228.9,69233.8,66603.1,64273.8
070-300-175,0.0175,70,3.0,287182.0,252990.0,234357.0,222842.0,215089.0,209552.0,205421.0,202226.0,199691.0,197631.0,195926.0,194495.0,141288.0,118720.0,104424.0,94394.9,86879.2,80975.1,76179.9,72181.1,68780.5,65841.3,63261.1,60976.9
070-300-200,0.02,70,3.0,281894.0,247718.0,229442.0,218303.0,210892.0,205632.0,201725.0,198717.0,196336.0,194403.0,192808.0,191472.0,138299.0,115387.0,101018.0,91030.0,83583.6,77755.1,73033.5,69101.7,65759.9,62869.4,60341.2,58103.3
073-050-025,0.0025,73,0.5,36693.8,35459.3,34391.2,33437.5,32595.1,31845.6,31164.3,30553.5,29999.2,29492.1,29029.1,28602.1,18594.7,17958.8,17387.7,16868.9,16401.0,15975.5,15582.6,15225.1,14892.5,14585.0,14299.0,14030.9
073-050-050,0.005,73,0.5,34282.8,32704.1,31364.0,30230.6,29256.4,28414.1,27678.0,27028.7,26452.9,25937.4,25474.5,25058.8,17484.4,16655.1,15930.9,15295.5,14730.6,14228.2,13777.9,13370.3,12999.6,12660.2,12348.7,12063.4
073-050-075,0.0075,73,0.5,32579.4,30769.5,29293.6,28074.1,27050.4,26179.5,25431.6,24783.8,24216.9,23717.0,23273.1,22876.0,16723.1,15752.3,14931.2,14223.6,13607.6,13066.6,12586.3,12158.6,11772.9,11423.7,11105.2,10813.5
073-050-100,0.01,73,0.5,31271.0,29285.4,27707.4,26434.9,25388.2,24513.0,23771.9,23138.3,22589.3,22109.0,21686.9,21312.7,16118.1,15043.6,14148.5,13392.8,12743.5,12179.8,11685.1,11247.7,10856.3,10503.6,10184.5,9894.05
073-050-125,0.0125,73,0.5,30167.9,28048.7,26413.5,25112.1,24057.7,23190.1,22463.3,21846.2,21317.2,20858.7,20457.6,20104.7,15614.4,14456.3,13508.1,12717.2,12045.0,11467.8,10965.0,10522.2,10129.3,9777.43,9459.6,9172.16
073-050-150,0.015,73,0.5,29201.2,26976.2,25298.5,23988.9,22943.4,22088.8,21380.4,20784.5,20275.5,19837.5,19456.3,19122.3,15175.2,13943.2,12954.5,12141.3,11456.8,10871.1,10364.2,9920.76,9528.31,9178.57,8864.3,8580.31
073-050-175,0.0175,73,0.5,28359.5,26058.5,24347.5,23034.6,21995.8,21157.1,20466.5,19889.3,19400.5,18981.5,18618.5,18301.8,14788.4,13499.1,12476.7,11644.6,10948.5,10358.1,9849.7,9406.93,9017.31,8670.66,8360.02,8080.15
073-050-200,0.02,73,0.5,27585.6,25235.8,23508.3,22199.0,21173.7,20352.2,19681.0,19123.3,18652.8,18251.6,17905.3,17603.5,14434.3,13102.3,12053.4,11205.3,10503.1,9910.9,9403.52,8962.96,8575.81,8232.87,7926.73,7651.03
073-100-025,0.0025,73,1.0,78864.3,74809.7,71454.8,68701.0,66399.3,64447.4,62770.4,61317.5,60051.0,58926.3,57932.5,57046.9,39602.7,37434.6,35587.5,34006.8,32634.8,31437.7,30378.9,29436.2,28590.5,27823.2,27128.3,26494.6
073-100-050,0.005,73,1.0,74548.1,69475.5,65611.6,62581.8,60149.4,58162.5,56511.6,55114.9,53921.7,52890.2,51994.0,51205.8,37530.1,34756.9,32524.0,30689.8,29148.7,27834.8,26701.1,25706.9,24827.8,24042.3,23339.0,22703.0
073-100-075,0.0075,73,1.0,71510.8,65851.2,61729.0,58616.8,56192.5,54249.2,52663.9,51349.7,50243.0,49297.3,48480.9,47771.2,36045.0,32894.3,30441.4,28479.8,26868.9,25511.0,24352.8,23350.8,22473.9,21697.7,21004.0,20381.1
073-100-100,0.01,73,1.0,68984.2,62959.1,58723.2,55608.9,53227.5,51352.8,49844.5,48606.0,47573.7,46699.4,45951.9,45303.5,34852.1,31432.0,28841.2,26804.8,25154.0,23779.2,22618.8,21621.2,20752.4,19986.6,19307.2,18697.3
073-100-125,0.0125,73,1.0,66894.1,60587.2,56297.5,53201.2,50875.8,49073.2,47635.6,46466.3,45498.1,44683.0,43989.6,43392.0,33839.8,30202.4,27518.2,25435.0,23763.8,22389.6,21233.0,20243.2,19385.7,18632.9,17965.8,17369.5
073-100-150,0.015,73,1.0,65098.1,58589.9,54273.7,51218.9,48956.3,47219.7,45847.0,44737.5,43823.9,43058.8,42409.7,41853.6,32971.5,29168.7,26407.4,24293.5,22614.2,21241.4,20092.2,19112.5,18265.9,17524.8,16869.3,16285.7
073-100-175,0.0175,73,1.0,63485.8,56839.4,52526.7,49522.4,47323.2,45651.3,44338.3,43283.5,42418.4,41697.7,41089.7,40569.0,32173.2,28241.6,25429.7,23298.6,21617.6,20251.3,19112.6,18146.0,17311.8,16583.4,15942.9,15371.8
073-100-200,0.02,73,1.0,62010.6,55274.1,50980.1,48030.8,45889.6,44275.5,43017.7,42011.0,41189.8,40508.1,39934.0,39443.3,31467.5,27425.5,24574.7,22433.3,20752.1,19393.0,18265.6,17310.8,16489.8,15775.3,15145.9,14586.0
073-150-025,0.0025,73,1.5,125635.0,117493.0,111247.0,106349.0,102417.0,99187.9,96496.2,94211.6,92260.6,90570.2,89094.9,87801.9,62874.4,58444.3,54860.5,51904.7,49432.5,47321.7,45494.0,43886.6,42466.6,41198.1,40059.8,39033.3
073-150-050,0.005,73,1.5,118874.0,109116.0,102202.0,97101.4,93180.0,90075.9,87578.5,85519.9,83801.5,82343.0,81092.6,80010.8,59500.4,53998.7,49808.5,46523.3,43850.3,41623.8,39743.7,38127.0,36721.0,35480.4,34378.8,33394.6
073-150-075,0.0075,73,1.5,114052.0,103479.0,96344.1,91269.0,87486.3,84574.8,82258.7,80383.7,78834.8,77537.2,76434.7,75484.8,57084.1,50965.2,46481.1,43045.2,40311.5,38076.1,36199.6,34602.6,33222.8,32015.6,30947.4,29993.8
073-150-100,0.01,73,1.5,110205.0,99128.5,91969.1,86997.3,83365.7,80615.4,78463.5,76734.4,75320.0,74142.7,73148.2,72298.3,55131.1,48597.9,43944.9,40440.2,37683.1,35454.4,33604.0,32032.9,30683.9,29506.3,28468.6,27545.4
073-150-125,0.0125,73,1.5,106991.0,95576.0,88435.8,83595.0,80126.4,77521.6,75505.4,73899.1,72592.6,71511.5,70600.8,69825.3,53515.2,46644.8,41873.0,38330.8,35586.6,33373.9,31547.7,30006.5,28685.0,27536.2,26523.9,25625.0
073-150-150,0.015,73,1.5,104263.0,92629.9,85554.8,80849.3,77514.4,75037.3,73131.7,71626.7,70407.4,69402.9,68561.4,67846.6,52122.3,45004.7,40155.6,36605.4,33864.0,31669.6,29863.6,28348.2,27050.1,25924.4,24937.5,24061.2
073-150-175,0.0175,73,1.5,101712.0,89970.1,82992.6,78424.2,75218.3,72861.5,71060.2,69643.1,68500.9,67561.4,66777.3,66112.6,50833.2,43530.3,38632.3,35079.0,32355.4,30188.4,28412.3,26922.9,25651.4,24550.6,23585.6,22729.7
073-150-200,0.02,73,1.5,99523.2,87687.5,80807.4,76363.0,73276.6,71021.8,69310.5,67968.9,66890.8,66007.6,65271.1,64648.2,49728.2,42253.6,37320.1,33770.0,31062.5,28916.1,27166.1,25702.0,24452.9,23372.8,22426.6,21589.4
073-200-025,0.0025,73,2.0,178487.0,165260.0,155631.0,148292.0,142552.0,137969.0,134232.0,131137.0,128523.0,126296.0,124376.0,122705.0,89137.8,81787.2,76072.0,71470.7,67683.1,64508.2,61811.5,59483.9,57442.5,55641.2,54037.0,52594.0
073-200-050,0.005,73,2.0,168770.0,153352.0,143013.0,135665.0,130200.0,125999.0,122682.0,119998.0,117781.0,115928.0,114357.0,113008.0,84122.4,75198.9,68686.7,63697.3,59739.7,56511.8,53820.8,51532.0,49552.1,47827.0,46303.8,44944.5
073-200-075,0.0075,73,2.0,161743.0,145300.0,134897.0,127790.0,122673.0,118825.0,115831.0,113442.0,111499.0,109885.0,108528.0,107369.0,80505.6,70688.1,63828.4,58722.1,54755.4,51560.6,48918.7,46690.1,44779.9,43116.3,41653.6,40352.6
073-200-100,0.01,73,2.0,156386.0,139393.0,129078.0,122238.0,117413.0,113840.0,111092.0,108919.0,107167.0,105723.0,104513.0,103485.0,77691.6,67294.5,60241.5,55085.5,51131.5,47980.7,45387.8,43210.4,41354.4,39743.0,38328.0,37072.7
073-200-125,0.0125,73,2.0,151784.0,134513.0,124393.0,117832.0,113264.0,109918.0,107379.0,105383.0,103779.0,102462.0,101365.0,100437.0,75296.2,64495.7,57338.6,52189.8,48265.6,45151.5,42612.7,40485.2,38672.3,37103.1,35727.8,34510.1
073-200-150,0.015,73,2.0,147805.0,130427.0,120511.0,114197.0,109862.0,106715.0,104337.0,102480.0,100994.0,99780.4,98771.8,97920.5,73206.4,62120.2,54902.8,49763.5,45883.2,42819.2,40323.3,38239.6,36466.9,34934.0,33592.9,32407.4
073-200-175,0.0175,73,2.0,144351.0,126896.0,117197.0,111120.0,106992.0,104018.0,101784.0,100043.0,98656.0,97527.1,96591.4,95802.1,71402.1,60065.3,52806.9,47693.8,43854.5,40834.6,38382.9,36336.1,34598.7,33099.9,31789.7,30630.3
073-200-200,0.02,73,2.0,141320.0,123858.0,114366.0,108496.0,104545.0,101718.0,99602.3,97966.6,96664.7,95605.4,94728.3,93990.3,69790.9,58252.8,50978.1,45896.1,42095.3,39115.4,36700.0,34693.2,32988.9,31519.9,30235.4,29101.1
073-250-025,0.0025,73,2.5,239295.0,219939.0,206267.0,196232.0,188590.0,182578.0,177752.0,173803.0,170525.0,167750.0,165382.0,163338.0,119305.0,108344.0,100018.0,93489.2,88226.6,83859.8,80180.1,77030.5,74303.9,71902.8,69780.3,67883.0
073-250-050,0.005,73,2.5,225768.0,203692.0,189522.0,179777.0,172726.0,167406.0,163257.0,159954.0,157255.0,155016.0,153131.0,151521.0,112206.0,99106.9,89852.6,82932.5,77541.1,73188.5,69581.8,66552.0,63947.3,61683.5,59695.7,57923.9
073-250-075,0.0075,73,2.5,216196.0,193045.0,179090.0,169854.0,163353.0,158551.0,154878.0,151980.0,149643.0,147723.0,146117.0,144752.0,107126.0,92915.6,83322.5,76332.8,70973.1,66698.8,63199.8,60266.6,57764.1,55598.2,53699.6,52013.8
073-250-100,0.01,73,2.5,208897.0,185225.0,171559.0,162799.0,156762.0,152365.0,149039.0,146438.0,144352.0,142645.0,141225.0,140025.0,103219.0,88273.2,78472.5,71472.0,66179.6,61995.1,58584.8,55737.0,53313.6,51217.0,49381.4,47755.0
073-250-125,0.0125,73,2.5,202768.0,178931.0,165633.0,157302.0,151636.0,147562.0,144498.0,142121.0,140224.0,138679.0,137397.0,136318.0,99920.1,84495.3,74618.6,67653.4,62424.2,58317.6,54976.3,52201.9,49839.4,47803.3,46018.5,44442.6
073-250-150,0.015,73,2.5,197307.0,173473.0,160606.0,152667.0,147336.0,143534.0,140693.0,138500.0,136756.0,135339.0,134165.0,133181.0,97020.9,81245.2,71356.1,64451.8,59299.5,55266.1,52001.5,49286.3,46981.7,44994.0,43256.1,41722.0
073-250-175,0.0175,73,2.5,192787.0,169035.0,156518.0,148920.0,143863.0,140281.0,137621.0,135575.0,133952.0,132638.0,131552.0,130643.0,94513.0,78487.1,68586.2,61739.4,56645.3,52678.5,49472.4,46811.2,44553.5,42609.6,40913.0,39416.8
073-250-200,0.02,73,2.5,188765.0,165144.0,152959.0,145668.0,140860.0,137468.0,134963.0,133039.0,131521.0,130293.0,129280.0,128432.0,92312.7,76073.8,66174.9,59380.1,54358.4,50446.7,47294.9,44679.1,42468.1,40564.8,38903.9,37437.0
073-300-025,0.0025,73,3.0,310824.0,284106.0,265831.0,252709.0,242925.0,235351.0,229363.0,224511.0,220499.0,217139.0,214284.0,211842.0,154687.0,139280.0,127888.0,119087.0,112087.0,106338.0,101554.0,97473.4,93943.0,90854.8,88130.7,85711.2
073-300-050,0.005,73,3.0,292505.0,262607.0,244179.0,231798.0,223026.0,216494.0,211469.0,207503.0,204297.0,201644.0,199429.0,197546.0,144924.0,126820.0,114376.0,105209.0,98160.6,92520.6,87884.1,84002.7,80690.3,77807.0,75283.0,73039.8
073-300-075,0.0075,73,3.0,280080.0,249108.0,231116.0,219551.0,211557.0,205752.0,201353.0,197923.0,195174.0,192922.0,191052.0,189470.0,138153.0,118684.0,105843.0,96651.8,89686.6,84188.0,79704.7,75966.0,72783.3,70029.8,67619.8,65485.6
073-300-100,0.01,73,3.0,270110.0,238832.0,221470.0,210640.0,203308.0,198044.0,194089.0,191029.0,188596.0,186615.0,184975.0,183594.0,132820.0,112504.0,99522.8,90402.1,83563.0,78195.6,73830.7,70201.4,67124.6,64464.5,62144.1,60088.9
073-300-125,0.0125,73,3.0,262065.0,230778.0,214046.0,203835.0,197018.0,192178.0,188575.0,185798.0,183594.0,181809.0,180336.0,179100.0,128426.0,107513.0,94478.0,85434.9,78711.5,73462.2,69211.1,65681.5,62684.5,60105.7,57850.2,55855.3
073-300-150,0.015,73,3.0,255198.0,224080.0,207941.0,198248.0,191866.0,187363.0,184034.0,181480.0,179462.0,177831.0,176486.0,175360.0,124643.0,103351.0,90315.3,81352.7,74736.4,69583.7,65421.9,61970.9,59047.0,56528.7,54330.0,52386.1
073-300-175,0.0175,73,3.0,249052.0,218292.0,202711.0,193503.0,187484.0,183271.0,180173.0,177798.0,175928.0,174422.0,173182.0,172146.0,121256.0,99700.9,86704.2,77853.6,71334.5,66271.4,62196.2,58814.5,55951.8,53493.5,51345.6,49451.1
073-300-200,0.02,73,3.0,243832.0,213353.0,198292.0,189499.0,183800.0,179824.0,176909.0,174686.0,172941.0,171536.0,170381.0,169415.0,118292.0,96517.6,83586.1,74825.2,68398.6,63413.5,59400.3,56083.6,53283.0,50874.8,48773.2,46918.9
075-050-025,0.0025,75,0.5,34036.0,32762.7,31654.5,30687.8,29843.1,29099.3,28440.6,27855.3,27327.4,26851.0,26419.0,26024.6,17255.7,16590.3,15999.4,15470.0,14993.9,14566.4,14179.8,13827.5,13504.3,13206.9,12933.2,12678.6
075-050-050,0.005,75,0.5,31648.6,30006.8,28648.2,27529.5,26582.0,25775.2,25078.1,24472.3,23941.4,23471.2,23052.4,22676.9,16178.1,15298.1,14549.0,13906.4,13345.1,12852.7,12414.1,12022.5,11670.2,11349.8,11058.4,10791.0
075-050-075,0.0075,75,0.5,30026.0,28145.8,26655.9,25459.6,24474.7,23654.8,22958.9,22362.3,21848.1,21398.9,21004.0,20653.7,15431.2,14413.6,13569.4,12859.5,12252.1,11727.5,11266.5,10857.9,10494.6,10168.0,9873.44,9605.76
075-050-100,0.01,75,0.5,28696.2,26671.7,25107.4,23877.4,22887.3,22073.0,21393.3,20819.2,20328.1,19903.2,19532.7,19207.0,14818.5,13706.7,12799.9,12049.5,11416.8,10873.7,10402.8,9990.17,9624.78,9298.79,9005.95,8740.98
075-050-125,0.0125,75,0.5,27602.1,25450.2,23844.5,22601.8,21617.5,20819.8,20162.4,19611.5,19143.5,18741.8,18393.7,18089.3,14325.0,13125.8,12173.7,11395.1,10745.4,10194.3,9720.25,9306.7,8942.02,8618.25,8328.74,8067.68
075-050-150,0.015,75,0.5,26660.8,24432.4,22793.6,21549.2,20578.5,19799.5,19162.8,18634.1,18188.4,17808.4,17480.2,17194.9,13886.3,12627.7,11638.8,10839.9,10181.4,9625.6,9149.75,8737.43,8376.24,8056.88,7772.11,7516.14
075-050-175,0.0175,75,0.5,25856.5,23552.1,21897.8,20660.4,19705.6,18947.4,18332.3,17824.4,17398.4,17036.7,16726.2,16457.1,13508.4,12195.0,11177.4,10365.0,9699.49,9142.51,8668.69,8259.32,7901.78,7586.39,7306.44,7055.49
075-050-200,0.02,75,0.5,25123.5,22765.7,21103.4,19878.2,18939.8,18202.9,17608.8,17121.2,16714.7,16370.8,16076.6,15821.9,13168.3,11806.4,10767.2,9945.57,9276.53,8720.32,8248.19,7843.06,7490.24,7180.07,6904.86,6658.6
075-100-025,0.0025,75,1.0,73114.1,68872.8,65530.6,62838.9,60620.9,58768.9,57200.7,55856.5,54694.3,53681.0,52787.3,51994.7,36717.0,34436.9,32556.1,30978.8,29630.3,28464.7,27445.9,26545.9,25743.7,25025.7,24376.4,23785.8
075-100-050,0.005,75,1.0,68771.0,63605.4,59806.1,56907.8,54627.0,52794.8,51293.2,50043.9,48985.5,48080.0,47298.6,46616.7,34614.5,31752.1,29511.5,27708.4,26216.5,24962.3,23892.3,22965.3,22150.6,21430.5,20790.2,20213.6
075-100-075,0.0075,75,1.0,65720.1,60032.1,56053.3,53124.1,50889.7,49133.3,47719.0,46560.1,45593.1,44774.7,44074.1,43467.3,33117.9,29904.3,27477.2,25568.9,24026.0,22748.3,21668.1,20743.3,19938.5,19230.4,18602.8,18040.9
075-100-100,0.01,75,1.0,63229.5,57214.8,53165.0,50272.5,48109.9,46438.9,45110.7,44031.8,43139.9,42391.9,41756.9,41210.1,31921.0,28440.1,25896.0,23937.6,22375.7,21094.8,20020.9,19105.1,18312.8,17619.6,17009.1,16464.0
075-100-125,0.0125,75,1.0,61149.1,54923.2,50858.3,48014.5,45924.6,44332.0,43080.5,42073.1,41246.3,40555.9,39971.4,39471.0,30911.2,27248.5,24623.5,22632.3,21061.3,19783.5,18721.5,17819.8,17043.9,16367.2,15770.1,15239.2
075-100-150,0.015,75,1.0,59369.4,53005.6,48948.5,46167.5,44150.9,42628.5,41442.0,40493.6,39720.0,39076.9,38535.5,38072.9,30042.8,26234.6,23552.5,21544.6,19974.1,18704.5,17651.9,16763.7,16001.3,15338.1,14755.8,14238.3
075-100-175,0.0175,75,1.0,57766.1,51295.9,47281.1,44568.9,42624.0,41168.9,40041.8,39145.7,38417.5,37815.6,37309.3,36878.6,29255.2,25329.9,22612.7,20598.5,19032.9,17777.4,16739.9,15866.6,15118.5,14470.0,13900.2,13395.7
075-100-200,0.02,75,1.0,56359.1,49826.3,45849.8,43198.5,41319.6,39924.5,38851.3,38001.3,37313.7,36746.3,36270.7,35867.1,28559.7,24537.9,21794.4,19776.6,18220.6,16974.9,15951.3,15092.0,14357.8,13722.7,13166.1,12673.4
075-150-025,0.0025,75,1.5,116262.0,107963.0,101826.0,97125.9,93416.2,90424.3,87963.3,85909.3,84170.3,82681.1,81394.3,80269.6,58145.7,53570.0,49975.4,47073.4,44675.8,42653.0,40920.9,39419.7,38103.6,36940.0,35902.7,34969.8
075-150-050,0.005,75,1.5,109524.0,99757.2,93101.3,88321.8,84735.5,81947.5,79730.1,77926.8,76434.0,75178.1,74107.7,73188.1,54765.2,49158.9,45024.2,41843.9,39304.9,37219.6,35473.6,33985.6,32699.3,31573.1,30577.9,29693.0
075-150-075,0.0075,75,1.5,104673.0,94232.5,87498.9,82833.7,79434.7,76857.6,74840.7,73223.4,71900.8,70801.0,69871.0,69075.6,52302.3,46140.1,41769.4,38489.0,35921.5,33844.4,32122.7,30668.3,29419.6,28334.5,27377.5,26527.3
075-150-100,0.01,75,1.5,100891.0,90039.1,83343.2,78845.7,75627.4,73229.5,71373.6,69901.7,68707.0,67720.1,66890.1,66183.7,50374.4,43808.1,39305.5,35994.7,33428.1,31376.5,29687.3,28266.6,27051.4,25997.3,25073.0,24253.5
075-150-125,0.0125,75,1.5,97754.0,86679.5,80075.3,75733.9,72681.0,70427.5,68705.1,67346.4,66250.4,65348.0,64593.5,63953.8,48751.7,41914.4,37332.0,34006.2,31457.9,29428.7,27769.4,26379.3,25195.1,24169.3,23271.4,22476.8
075-150-150,0.015,75,1.5,94921.4,83769.3,77290.8,73110.6,70210.4,68088.6,66479.0,65214.1,64200.2,63368.2,62674.1,62086.9,47330.7,40295.3,35662.1,32341.2,29819.8,27823.4,26195.9,24834.0,23677.5,22677.6,21803.0,21029.4
075-150-175,0.0175,75,1.5,92533.4,81322.9,74978.2,70944.0,68175.9,66168.1,64651.8,63466.9,62519.2,61744.4,61100.8,60556.6,46096.6,38894.3,34240.3,30934.1,28434.6,26465.6,24864.4,23529.8,22396.6,21419.2,20566.2,19813.6
075-150-200,0.02,75,1.5,90380.5,79158.9,72933.8,69037.8,66386.3,64477.1,63042.6,61925.6,61035.2,60309.6,59706.2,59198.5,44978.5,37661.0,32984.5,29694.9,27221.0,25280.3,23706.6,22397.0,21287.7,20332.1,19498.5,18764.2
075-200-025,0.0025,75,2.0,165027.0,151668.0,142262.0,135333.0,130034.0,125876.0,122531.0,119783.0,117498.0,115562.0,113906.0,112473.0,82339.7,74776.8,69067.1,64592.0,60972.8,57984.9,55465.7,53307.4,51436.3,49791.5,48336.9,47036.5
075-200-050,0.005,75,2.0,155112.0,139842.0,130082.0,123345.0,118455.0,114750.0,111863.0,109554.0,107664.0,106095.0,104772.0,103644.0,77179.2,68162.5,61826.0,57075.1,53371.7,50377.3,47910.0,45827.3,44038.6,42486.3,41120.5,39911.8
075-200-075,0.0075,75,2.0,148238.0,132245.0,122580.0,116174.0,111653.0,108305.0,105738.0,103709.0,102068.0,100718.0,99586.6,98627.0,73571.0,63791.4,57192.5,52383.8,48697.7,45761.1,43357.7,41343.6,39624.2,38137.6,36833.9,35680.3
075-200-100,0.01,75,2.0,142783.0,126484.0,117046.0,110967.0,106757.0,103689.0,101360.0,99535.0,98070.0,96870.6,95871.7,95028.9,70727.8,60464.6,53737.7,48924.5,45279.8,42402.7,40057.5,38100.7,36436.7,35000.3,33743.4,32635.5
075-200-125,0.0125,75,2.0,138357.0,121920.0,112733.0,106947.0,103008.0,100169.0,98025.8,96359.5,95027.7,93943.7,93041.7,92282.1,68362.4,57759.2,50970.0,46182.3,42587.0,39769.7,37476.8,35570.4,33952.3,32559.8,31341.0,30265.9
075-200-150,0.015,75,2.0,134479.0,118072.0,109148.0,103631.0,99913.0,97255.9,95268.4,93728.9,92504.9,91509.1,90685.7,89992.2,66284.0,55466.6,48657.4,43906.2,40361.8,37591.3,35348.4,33487.9,31911.4,30553.8,29371.7,28327.9
075-200-175,0.0175,75,2.0,131141.0,114787.0,106132.0,100853.0,97337.1,94835.8,92976.3,91542.0,90403.0,89480.0,88717.1,88076.8,64514.3,53499.9,46693.0,41981.9,38487.7,35761.4,33562.3,31740.6,30197.4,28872.6,27718.2,26700.4
075-200-200,0.02,75,2.0,128170.0,111897.0,103486.0,98426.3,95080.7,92720.2,90967.9,89622.1,88557.4,87695.0,86983.6,86387.9,62898.9,51745.4,44948.7,40284.6,36835.1,34157.9,31999.3,30213.1,28704.2,27408.1,26280.1,25288.1
075-250-025,0.0025,75,2.5,221085.0,201698.0,188567.0,179198.0,172215.0,166819.0,162560.0,159107.0,156261.0,153878.0,151854.0,150115.0,109995.0,98840.5,90631.0,84345.7,79350.1,75260.0,71859.1,68970.2,66479.8,64308.7,62387.6,60681.6
075-250-050,0.005,75,2.5,207200.0,185695.0,172507.0,163707.0,157459.0,152833.0,149278.0,146457.0,144178.0,142302.0,140728.0,139392.0,102764.0,89690.6,80762.6,74230.4,69208.6,65214.0,61939.2,59189.8,56845.2,54820.3,53042.4,51471.0
075-250-075,0.0075,75,2.5,197941.0,175653.0,162834.0,154624.0,148967.0,144850.0,141736.0,139301.0,137350.0,135753.0,134426.0,133305.0,97732.5,83668.7,74491.6,67952.0,63015.8,59124.2,55962.2,53324.1,51082.5,49147.0,47457.6,45965.3
075-250-100,0.01,75,2.5,190644.0,168183.0,155833.0,148148.0,142947.0,139212.0,136416.0,134248.0,132519.0,131111.0,129947.0,128967.0,93762.1,79127.7,69858.8,63379.1,58535.9,54739.3,51668.8,49118.4,46953.9,45089.0,43463.7,42030.3
075-250-125,0.0125,75,2.5,184699.0,162283.0,150387.0,143139.0,138311.0,134880.0,132328.0,130359.0,128798.0,127534.0,126488.0,125610.0,90526.3,75513.6,66220.8,59797.9,55037.4,51324.7,48332.1,45847.9,43746.5,41940.1,40363.4,38973.1
075-250-150,0.015,75,2.5,179687.0,157403.0,145950.0,139090.0,134567.0,131381.0,129023.0,127214.0,125786.0,124631.0,123677.0,122878.0,87739.8,72443.2,63170.5,56821.8,52136.3,48500.3,45570.4,43147.2,41103.3,39345.9,37814.2,36464.0
075-250-175,0.0175,75,2.5,175054.0,153055.0,142024.0,135511.0,131257.0,128275.0,126082.0,124404.0,123083.0,122016.0,121136.0,120402.0,85244.0,69778.2,60547.0,54272.9,49663.2,46093.2,43229.3,40860.5,38864.1,37147.7,35654.0,34340.3
075-250-200,0.02,75,2.5,171102.0,149418.0,138751.0,132532.0,128505.0,125701.0,123643.0,122073.0,120839.0,119844.0,119027.0,118343.0,83027.8,67454.8,58258.7,52056.4,47523.0,44021.7,41211.3,38893.3,36937.3,35259.3,33800.5,32517.6
075-300-025,0.0025,75,3.0,287006.0,260395.0,243024.0,230911.0,222076.0,215367.0,210117.0,205914.0,202481.0,199623.0,197213.0,195150.0,142458.0,126873.0,115726.0,107299.0,100705.0,95372.4,90945.0,87217.1,84023.5,81242.2,78799.4,76627.4
075-300-050,0.005,75,3.0,268716.0,239738.0,222666.0,211584.0,203879.0,198246.0,193961.0,190603.0,187905.0,185695.0,183855.0,182299.0,132684.0,114674.0,102702.0,94103.5,87576.4,82419.3,78208.2,74693.7,71706.6,69129.5,66876.4,64884.6
075-300-075,0.0075,75,3.0,256107.0,226662.0,210347.0,200184.0,193312.0,188375.0,184678.0,181814.0,179531.0,177674.0,176135.0,174844.0,125808.0,106699.0,94521.2,85993.3,79613.3,74620.6,70575.6,67219.4,64373.1,61921.6,59779.0,57893.8
075-300-100,0.01,75,3.0,246541.0,217134.0,201592.0,192167.0,185910.0,181475.0,178182.0,175650.0,173645.0,172019.0,170677.0,169552.0,120577.0,100774.0,88545.9,80118.8,73878.7,69018.7,65105.2,61862.7,59118.3,56753.6,54692.5,52875.0
075-300-125,0.0125,75,3.0,238777.0,209646.0,194820.0,186034.0,180259.0,176212.0,173229.0,170943.0,169141.0,167685.0,166488.0,165485.0,116182.0,95972.4,83782.0,75486.5,69368.6,64632.4,60821.8,57667.6,55005.3,52716.5,50721.9,48964.2
075-300-150,0.015,75,3.0,232168.0,203428.0,189245.0,180958.0,175586.0,171842.0,169097.0,167006.0,165361.0,164037.0,162949.0,162038.0,112474.0,91980.2,79855.3,71660.4,65661.1,61021.7,57300.0,54226.5,51631.6,49405.3,47466.4,45757.5
075-300-175,0.0175,75,3.0,226361.0,198105.0,184510.0,176677.0,171642.0,168151.0,165604.0,163670.0,162152.0,160931.0,159930.0,159094.0,109160.0,88514.1,76468.9,68389.4,62494.6,57949.4,54306.5,51306.0,48773.1,46602.4,44713.1,43049.5
075-300-200,0.02,75,3.0,221159.0,193400.0,180343.0,172914.0,168177.0,164909.0,162530.0,160725.0,159313.0,158180.0,157250.0,156474.0,106240.0,85471.9,73517.7,65548.7,59756.0,55296.5,51727.2,48788.2,46313.7,44191.9,42346.2,40723.0
078-050-025,0.0025,78,0.5,30420.1,29054.1,27914.4,26954.9,26129.4,25423.1,24808.4,24267.0,23789.2,23365.0,22986.4,22645.1,15449.9,14725.6,14106.5,13568.0,13091.9,12673.6,12300.3,11964.2,11660.5,11385.9,11135.5,10906.6
078-050-050,0.005,78,0.5,28092.1,26364.2,25007.9,23918.4,23026.5,22283.7,21658.4,21125.3,20665.5,20264.5,19912.0,19600.8,14385.5,13448.2,12680.3,12037.1,11490.3,11017.8,10606.7,10245.1,9924.34,9637.06,9378.74,9145.26
078-050-075,0.0075,78,0.5,26467.4,24533.9,23075.3,21942.9,21044.1,20312.0,19706.7,19198.4,18765.6,18393.4,18070.4,17787.6,13633.4,12563.5,11713.4,11019.3,10439.7,9948.01,9524.79,9156.49,8832.55,8545.42,8289.29,8058.62
078-050-100,0.01,78,0.5,25184.6,23116.2,21610.0,20470.2,19581.0,18870.7,18291.4,17810.6,17406.3,17061.6,16764.7,16506.3,13038.7,11876.8,10973.1,10247.1,9649.77,9149.44,8723.11,8354.88,8034.11,7751.42,7499.97,7274.96
078-050-125,0.0125,78,0.5,24131.9,21971.9,20443.6,19309.1,18439.8,17754.0,17201.2,16746.7,16367.0,16045.8,15770.4,15532.2,12554.3,11319.1,10377.6,9630.69,9025.39,8521.9,8096.5,7731.61,7414.47,7136.29,6890.39,6671.14
078-050-150,0.015,78,0.5,23232.0,21004.2,19465.2,18346.9,17501.9,16842.4,16314.6,15884.6,15527.8,15227.2,14970.6,14749.6,12135.3,10840.0,9869.91,9112.62,8504.08,8001.59,7579.0,7218.46,6906.99,6634.68,6394.43,6180.81
078-050-175,0.0175,78,0.5,22464.1,20185.3,18647.2,17545.5,16723.4,16087.9,15584.0,15175.2,14837.8,14555.2,14314.9,14108.5,11766.2,10424.2,9435.13,8670.1,8060.03,7560.31,7143.03,6787.9,6481.82,6215.4,5981.05,5773.17
078-050-200,0.02,78,0.5,21760.2,19452.3,17921.4,16841.2,16043.2,15431.7,14950.3,14561.9,14242.5,13975.6,13749.8,13556.4,11438.6,10058.2,9051.44,8282.76,7674.56,7178.59,6766.22,6416.92,6116.9,5856.25,5627.6,5425.34
078-100-025,0.0025,78,1.0,65170.2,60770.4,57469.3,54898.9,52858.5,51192.1,49812.4,48649.7,47658.9,46808.8,46068.7,45421.1,32724.6,30319.8,28416.0,26861.0,25572.0,24475.1,23534.9,22715.8,21996.0,21360.2,20790.9,20280.8
078-100-050,0.005,78,1.0,60801.8,55593.4,51971.5,49323.8,47313.6,45736.9,44470.5,43431.2,42567.1,41836.0,41211.4,40670.9,30598.9,27638.8,25431.2,23710.1,22326.6,21184.3,20224.6,19403.2,18692.5,18070.0,17520.8,17029.7
078-100-075,0.0075,78,1.0,57770.0,52138.2,48435.9,45830.3,43905.9,42432.5,41270.5,40332.4,39560.7,38915.4,38368.3,37899.6,29096.7,25817.2,23460.4,21673.6,20264.5,19119.3,18167.3,17360.4,16667.7,16064.6,15534.5,15065.0
078-100-100,0.01,78,1.0,55334.9,49495.5,45791.6,43259.1,41431.6,40052.8,38979.3,38122.6,37423.6,36842.8,36353.7,35936.5,27901.2,24412.6,21970.6,20153.2,18741.9,17605.4,16668.3,15880.0,15206.6,14621.8,14109.6,13656.6
078-100-125,0.0125,78,1.0,53297.6,47325.3,43671.4,41228.7,39488.2,38193.7,37195.5,36403.9,35761.6,35232.0,34787.7,34410.3,26902.2,23253.8,20767.3,18943.7,17537.5,16415.7,15495.9,14724.5,14067.1,13499.6,13003.7,12566.3
078-100-150,0.015,78,1.0,51558.0,45518.4,41928.1,39567.9,37911.2,36691.0,35757.0,35021.5,34428.1,33939.3,33531.0,33185.5,26034.3,22276.2,19762.5,17937.4,16542.2,15436.2,14533.0,13779.0,13138.9,12586.8,12105.5,11682.0
078-100-175,0.0175,78,1.0,50067.9,43981.0,40452.8,38173.4,36591.5,35434.8,34555.8,33866.2,33312.3,32858.1,32479.3,32159.2,25283.8,21429.4,18892.0,17072.4,15692.7,14602.5,13716.6,12979.6,12354.9,11817.9,11350.6,10939.5
078-100-200,0.02,78,1.0,48699.6,42616.8,39157.6,36956.6,35442.5,34344.3,33512.4,32863.5,32343.8,31918.9,31565.2,31267.2,24593.8,20677.9,18130.4,16321.7,14956.8,13884.5,13014.4,12292.3,11682.4,11158.6,10703.4,10304.0
078-150-025,0.0025,78,1.5,103341.0,94945.7,89053.9,84720.2,81412.3,78812.5,76728.6,75015.5,73585.3,72376.3,71342.6,70447.1,51625.5,46901.4,43337.9,40549.9,38301.6,36446.9,34892.4,33561.6,32407.7,31398.8,30508.1,29712.3
078-150-050,0.005,78,1.5,96512.0,86955.9,80838.4,76627.9,73570.0,71255.6,69447.5,67999.8,66817.7,65833.3,65002.3,64292.9,48153.2,42504.9,38540.4,35579.9,33277.9,31426.4,29895.3,28607.8,27507.6,26553.3,25715.9,24975.0
078-150-075,0.0075,78,1.5,91747.0,81722.5,75688.3,71683.7,68859.6,66769.8,65164.6,63895.4,62868.9,62021.8,61314.3,60713.5,45701.0,39567.6,35447.2,32444.7,30155.1,28338.3,26850.3,25607.0,24549.0,23635.0,22838.6,22135.9
078-150-100,0.01,78,1.5,88034.7,77828.2,71937.0,68149.3,65520.7,63604.0,62148.0,61007.9,60093.0,59342.2,58716.4,58188.5,43776.2,37350.4,33151.2,30159.9,27893.1,26108.1,24658.0,23451.8,22429.9,21549.6,20782.6,20108.7
078-150-125,0.0125,78,1.5,84944.4,74692.6,68979.1,65379.8,62922.9,61151.3,59814.9,58776.0,57945.8,57267.8,56705.3,56231.5,42171.6,35540.8,31313.2,28336.9,26103.4,24356.7,22942.2,21770.9,20780.2,19929.1,19189.9,18540.2
078-150-150,0.015,78,1.5,82313.8,72065.2,66530.2,63106.7,60798.5,59146.4,57909.8,56951.2,56187.4,55567.3,55053.8,54621.9,40787.1,34006.4,29774.4,26825.6,24629.8,22918.1,21537.1,20395.2,19430.5,18604.3,17888.1,17258.6
078-150-175,0.0175,78,1.5,80040.3,69861.4,64486.3,61215.9,59030.5,57476.8,56320.5,55429.5,54722.0,54148.7,53674.5,53276.3,39586.0,32705.1,28465.8,25546.0,23381.5,21700.5,20349.5,19235.5,18296.0,17493.3,16796.8,16186.3
078-150-200,0.02,78,1.5,77944.3,67859.3,62647.7,59518.9,57448.5,55984.8,54900.2,54066.0,53405.7,52871.8,52430.6,52060.9,38484.5,31535.8,27309.3,24419.3,22289.5,20641.3,19318.9,18230.5,17315.0,16533.4,15856.0,15262.8
078-200-025,0.0025,78,2.0,146407.0,133123.0,124309.0,118094.0,113505.0,109985.0,107211.0,104975.0,103134.0,101594.0,100289.0,99172.9,72893.9,65188.2,59624.9,55414.9,52102.3,49410.2,47177.4,45292.6,43674.4,42268.0,41031.7,39937.6
078-200-050,0.005,78,2.0,136551.0,121903.0,113132.0,107352.0,103283.0,100273.0,97967.0,96148.2,94678.3,93469.1,92458.0,91598.7,67667.9,58710.6,52715.6,48382.7,45081.1,42461.5,40322.1,38538.0,37021.7,35714.8,34574.9,33568.0
078-200-075,0.0075,78,2.0,129704.0,114730.0,106275.0,100922.0,97254.3,94600.8,92596.4,91032.3,89781.0,88758.9,87909.9,87192.4,64034.7,54492.6,48361.1,44039.8,40795.0,38256.4,36200.1,34494.1,33050.3,31809.9,30730.8,29780.0
078-200-100,0.01,78,2.0,124484.0,109466.0,101373.0,96382.7,93028.4,90628.8,88836.5,87447.6,86343.5,85444.8,84702.1,84077.6,61230.8,51329.5,45162.6,40887.9,37714.8,35239.9,33249.7,31600.9,30211.5,29018.4,27982.3,27072.4
078-200-125,0.0125,78,2.0,120156.0,105263.0,97516.4,92835.7,89733.9,87537.4,85906.5,84650.4,83656.1,82850.3,82185.3,81627.4,58901.2,48776.3,42619.7,38397.6,35287.9,32876.0,30940.0,29341.8,27996.9,26845.0,25844.5,24967.8
078-200-150,0.015,78,2.0,116525.0,101809.0,94381.6,89969.5,87075.2,85042.5,83539.6,82388.1,81479.7,80745.9,80139.9,79633.9,56901.6,46634.3,40506.1,36343.3,33293.6,30939.4,29050.6,27496.2,26189.6,25072.1,24102.9,23254.0
078-200-175,0.0175,78,2.0,113342.0,98843.9,91701.1,87518.2,84800.7,82902.4,81507.2,80441.5,79602.3,78926.4,78369.7,77904.5,55165.4,44801.9,38704.5,34595.4,31599.5,29291.0,27447.9,25933.4,24660.3,23575.1,22634.6,21811.2
078-200-200,0.02,78,2.0,110523.0,96271.0,89398.0,85418.5,82854.6,81072.4,79767.5,78771.8,77990.2,77360.6,76843.6,76411.4,53602.2,43182.1,37131.2,33077.8,30134.5,27874.6,26073.0,24592.0,23350.7,22291.9,21375.8,20574.2
078-250-025,0.0025,78,2.5,195760.0,176718.0,164667.0,156430.0,150504.0,146042.0,142579.0,139817.0,137565.0,135703.0,134137.0,132802.0,97167.0,85835.2,77953.8,72113.6,67594.9,63973.7,60996.5,58499.0,56363.8,54520.7,52909.4,51484.6
078-250-050,0.005,78,2.5,182266.0,161911.0,150285.0,142878.0,137775.0,134075.0,131275.0,129092.0,127341.0,125910.0,124720.0,123717.0,89836.6,76969.2,68651.9,62762.3,58330.3,54857.5,52043.7,49708.7,47732.3,46033.7,44555.0,43256.7
078-250-075,0.0075,78,2.5,173051.0,152537.0,141568.0,134839.0,130332.0,127111.0,124714.0,122864.0,121394.0,120200.0,119212.0,118383.0,84783.1,71217.1,62817.3,57016.2,52715.2,49366.7,46677.9,44460.4,42586.6,40979.7,39583.5,38357.0
078-250-100,0.01,78,2.5,166094.0,145802.0,135411.0,129209.0,125131.0,122258.0,120132.0,118500.0,117212.0,116172.0,115312.0,114592.0,80929.2,66988.9,58588.2,52879.7,48689.5,45452.2,42855.9,40714.8,38913.2,37372.3,36031.9,34857.0
078-250-125,0.0125,78,2.5,160393.0,140460.0,130603.0,124846.0,121102.0,118491.0,116571.0,115104.0,113951.0,113021.0,112255.0,111616.0,77721.1,63570.0,55223.8,49615.8,45524.5,42376.7,39857.9,37783.7,36043.2,34553.8,33261.7,32130.3
078-250-150,0.015,78,2.5,155560.0,136037.0,126658.0,121265.0,117797.0,115389.0,113629.0,112291.0,111240.0,110395.0,109701.0,109122.0,75013.3,60727.5,52452.4,46937.3,42935.2,39860.6,37407.2,35393.2,33701.1,32257.5,31007.1,29910.8
078-250-175,0.0175,78,2.5,151441.0,132327.0,123389.0,118306.0,115060.0,112824.0,111192.0,109956.0,108987.0,108210.0,107572.0,107040.0,72650.5,58291.6,50099.5,44671.4,40744.6,37738.4,35342.0,33378.5,31731.6,30327.6,29111.3,28047.3
078-250-200,0.02,78,2.5,147713.0,129022.0,120462.0,115651.0,112600.0,110509.0,108989.0,107837.0,106938.0,106216.0,105625.0,105133.0,70544.9,56142.8,48033.4,42688.4,38835.6,35894.5,33551.6,31633.0,30027.9,28658.9,27476.1,26441.1
078-300-025,0.0025,78,3.0,254131.0,228280.0,212509.0,202028.0,194618.0,189134.0,184922.0,181596.0,178910.0,176701.0,174855.0,173284.0,125721.0,110031.0,99395.7,91644.4,85705.3,80999.7,77157.5,73943.1,71214.6,68871.6,66823.3,65012.7
078-300-050,0.005,78,3.0,235739.0,208792.0,194019.0,184846.0,178660.0,174234.0,170918.0,168349.0,166304.0,164641.0,163265.0,162108.0,115692.0,98153.8,87101.3,79404.7,73690.5,69243.1,65657.1,62689.9,60183.7,58034.5,56166.3,54525.3
078-300-075,0.0075,78,3.0,223787.0,197042.0,183299.0,175078.0,169675.0,165866.0,163051.0,160891.0,159186.0,157808.0,156672.0,155723.0,108926.0,90631.4,79582.6,72044.2,66522.1,62251.3,58829.0,56006.4,53629.0,51594.4,49828.2,48280.0
078-300-100,0.01,78,3.0,214692.0,188485.0,175634.0,168145.0,163295.0,159922.0,157449.0,155562.0,154077.0,152883.0,151901.0,151081.0,103767.0,85061.7,74097.6,66728.4,61365.2,57238.3,53942.7,51231.1,48948.3,46996.3,45302.3,43816.2
078-300-125,0.0125,78,3.0,207276.0,181741.0,169660.0,162760.0,158346.0,155298.0,153075.0,151389.0,150065.0,149001.0,148129.0,147403.0,99499.2,80605.2,69757.0,62543.1,57322.6,53314.7,50116.1,47492.0,45285.7,43399.2,41765.4,40334.3
078-300-150,0.015,78,3.0,201132.0,176265.0,164850.0,158426.0,154353.0,151553.0,149525.0,147989.0,146786.0,145823.0,145034.0,144377.0,95905.0,76904.1,66185.1,59112.9,54005.6,50097.1,46987.5,44434.6,42291.5,40463.7,38879.6,37491.9
078-300-175,0.0175,78,3.0,195722.0,171548.0,160699.0,154673.0,150885.0,148298.0,146427.0,145012.0,143907.0,143024.0,142300.0,141698.0,92780.9,73753.4,63152.7,56195.9,51196.1,47378.5,44343.9,41856.7,39772.4,37995.5,36456.9,35112.0
078-300-200,0.02,78,3.0,191056.0,167538.0,157205.0,151523.0,147974.0,145557.0,143810.0,142495.0,141471.0,140652.0,139982.0,139426.0,90004.4,70981.9,60509.0,53670.8,48768.7,45030.5,42059.1,39630.5,37598.8,35868.1,34373.0,33065.3
080-050-025,0.0025,80,0.5,28193.8,26785.1,25629.5,24682.5,23889.1,23216.6,22641.4,22141.4,21706.3,21322.7,20982.6,20679.1,14337.4,13587.6,12948.7,12407.1,11940.0,11532.3,11175.6,10857.0,10573.6,10318.9,10088.3,9878.64
080-050-050,0.005,80,0.5,25901.7,24136.7,22802.5,21753.8,20913.6,20229.7,19658.9,19177.8,18767.9,18414.4,18106.6,17836.7,13276.7,12313.4,11544.7,10911.0,10381.6,9934.26,9547.67,9210.86,8915.48,8653.79,8419.84,8210.17
080-050-075,0.0075,80,0.5,24310.3,22357.6,20941.2,19871.8,19038.7,18372.3,17829.6,17379.8,17001.1,16679.1,16401.3,16160.2,12534.4,11444.9,10599.2,9924.01,9369.38,8905.85,8512.87,8174.94,7880.29,7621.89,7392.56,7188.32
080-050-100,0.01,80,0.5,23058.1,20994.0,19541.3,18476.6,17665.9,17028.3,16515.9,16095.8,15746.1,15451.0,15198.4,14979.8,11956.5,10776.5,9881.6,9182.15,8617.22,8150.02,7757.81,7422.71,7133.0,6879.94,6656.8,6458.52
080-050-125,0.0125,80,0.5,22035.0,19890.9,18431.4,17383.9,16598.8,15990.7,15507.2,15114.4,14789.6,14516.5,14284.7,14085.4,11479.4,10228.0,9303.7,8590.32,8021.97,7556.41,7167.58,6837.62,6553.93,6307.0,6090.35,5898.57
080-050-150,0.015,80,0.5,21166.2,18973.5,17518.9,16493.5,15735.8,15155.4,14698.0,14329.2,14025.6,13772.1,13557.7,13374.3,11068.1,9765.89,8820.93,8100.83,7531.98,7069.32,6686.03,6362.09,6084.29,5843.6,5633.02,5447.38
080-050-175,0.0175,80,0.5,20417.0,18188.2,16745.7,15744.6,15013.7,14458.8,14024.8,13676.5,13391.6,13154.9,12955.4,12785.1,10710.3,9364.76,8405.08,7681.63,7114.79,6657.4,6279.9,5962.15,5690.78,5456.49,5251.98,5072.01
080-050-200,0.02,80,0.5,19755.9,17507.8,16082.1,15105.9,14401.0,13869.9,13456.9,13127.4,12859.1,12636.6,12449.7,12290.8,10391.2,9013.1,8043.94,7319.82,6757.05,6305.05,5933.66,5622.28,5357.46,5129.16,4930.23,4755.55
080-100-025,0.0025,80,1.0,60314.1,55864.3,52632.6,50182.6,48271.9,46744.8,45498.0,44462.3,43587.6,42841.7,42197.9,41638.1,30273.4,27813.0,25913.5,24396.9,23157.4,22122.7,21245.4,20490.6,19832.6,19254.3,18741.4,18283.7
080-100-050,0.005,80,1.0,55953.5,50785.4,47330.6,44875.0,43048.0,41639.6,40525.9,39623.2,38878.2,38253.2,37723.3,37267.8,28123.3,25145.5,22985.5,21340.3,20037.4,18977.9,18098.0,17352.4,16712.9,16157.0,15669.3,15237.4
080-100-075,0.0075,80,1.0,52929.2,47431.2,43958.1,41583.4,39867.7,38575.2,37569.0,36765.8,36111.2,35567.8,35110.4,34720.3,26634.3,23359.7,21081.4,19391.3,18080.8,17030.4,16165.5,15439.9,14821.8,14287.9,13821.7,13410.7
080-100-100,0.01,80,1.0,50517.1,44863.4,41442.0,39170.4,37561.3,36368.8,35451.0,34725.1,34137.8,33653.3,33248.0,32903.5,25438.7,21980.3,19643.1,17942.3,16640.3,15607.0,14762.0,14057.5,13460.1,12945.5,12497.7,12103.8
080-100-125,0.0125,80,1.0,48577.0,42845.4,39492.7,37317.7,35801.5,34690.5,33843.0,33178.0,32643.0,32203.6,31837.4,31527.5,24465.5,20871.8,18500.2,16800.6,15511.7,14496.5,13671.4,12985.8,12406.3,11908.8,11476.9,11097.9
080-100-150,0.015,80,1.0,46877.6,41127.6,37857.6,35775.4,34342.8,33302.4,32514.9,31899.7,31407.6,31004.8,30670.2,30387.8,23609.8,19926.9,17540.0,15850.6,14578.7,13581.8,12775.5,12108.1,11546.1,11064.6,10647.3,10281.9
080-100-175,0.0175,80,1.0,45418.3,39677.8,36495.9,34500.0,33142.4,32162.7,31425.5,30852.6,30395.2,30022.6,29713.4,29453.4,22868.9,19112.8,16722.7,15043.4,13789.7,12812.1,12023.7,11373.7,10826.4,10359.2,9954.86,9601.93
080-100-200,0.02,80,1.0,44138.1,38422.0,35323.2,33404.8,32111.5,31184.7,30491.3,29954.5,29527.0,29179.1,28891.2,28649.4,22210.7,18400.4,16010.3,14347.1,13112.0,12151.1,11379.4,10744.9,10212.3,9758.12,9365.75,9023.39
080-150-025,0.0025,80,1.5,95453.8,87099.8,81447.1,77413.4,74403.9,72082.2,70240.3,68742.9,67506.3,66468.7,65585.2,64825.4,47665.0,42855.7,39351.7,36672.6,34556.1,32837.3,31407.9,30196.7,29155.8,28252.0,27457.2,26752.2
080-150-050,0.005,80,1.5,88639.6,79350.5,73654.9,69846.9,67132.3,65112.5,63555.4,62320.4,61317.9,60490.6,59795.3,59205.3,44123.7,38512.1,34696.5,31916.3,29782.0,28087.2,26702.8,25547.1,24565.3,23719.4,22981.7,22332.9
080-150-075,0.0075,80,1.5,83983.6,74373.0,68835.6,65275.0,62812.0,61011.8,59646.7,58576.9,57717.3,57012.8,56425.8,55929.6,41698.9,35663.4,31738.2,28950.0,26849.6,25197.9,23861.7,22753.3,21816.5,21013.1,20314.5,19701.4
080-150-100,0.01,80,1.5,80284.2,70635.6,65310.0,61978.7,59717.3,58088.5,56864.7,55913.3,55153.9,54535.6,54021.8,53589.3,39767.4,33504.8,29544.0,26779.1,24719.1,23113.6,21820.3,20751.3,19850.5,19081.1,18413.1,17828.0
080-150-125,0.0125,80,1.5,77361.6,67729.4,62612.1,59477.1,57378.5,55882.7,54768.0,53905.6,53220.9,52665.0,52204.3,51818.5,38205.1,31770.8,27806.4,25072.0,23050.1,21482.4,20226.3,19190.6,18320.7,17578.2,16935.1,16373.7
080-150-150,0.015,80,1.5,74782.8,65254.2,60332.4,57375.6,55415.6,54030.1,53002.2,52210.9,51585.0,51077.9,50660.0,50309.7,36835.0,30304.8,26351.7,23656.1,21675.5,20146.7,18922.8,17917.2,17074.6,16356.3,15736.3,15194.7
080-150-175,0.0175,80,1.5,72602.7,63195.6,58456.5,55647.1,53803.1,52508.5,51551.9,50819.2,50240.4,49773.5,49388.8,49067.1,35666.8,29064.2,25131.3,22468.5,20522.3,19025.0,17830.9,16852.7,16033.9,15337.6,14737.0,14213.0
080-150-200,0.02,80,1.5,70598.6,61344.8,56787.9,54115.6,52376.1,51160.8,50267.2,49584.6,49046.5,48612.4,48255.6,47957.4,34594.5,27951.8,24047.3,21422.2,19512.4,18048.7,16883.3,15930.4,15134.2,14457.7,13874.9,13367.6
080-200-025,0.0025,80,2.0,135059.0,121969.0,113658.0,107956.0,103842.0,100740.0,98326.1,96401.5,94828.5,93521.7,92420.7,91485.1,67119.9,59369.0,53978.8,49979.5,46889.9,44413.7,42384.4,40685.3,39233.4,37981.0,36886.2,35922.7
080-200-050,0.005,80,2.0,125205.0,111197.0,103151.0,98012.7,94463.2,91878.1,89917.8,88385.4,87155.2,86148.6,85309.5,84601.7,61837.2,53038.4,47337.5,43310.9,40283.1,37908.7,35989.1,34401.4,33057.1,31905.6,30903.7,30025.5
080-200-075,0.0075,80,2.0,118577.0,104452.0,96841.1,92155.6,88999.8,86745.4,85060.8,83758.0,82720.7,81877.8,81179.4,80592.8,58263.6,48967.3,43198.3,39222.2,36274.0,33985.9,32149.3,30636.7,29363.8,28275.4,27332.1,26507.0
080-200-100,0.01,80,2.0,113416.0,99464.3,92263.6,87949.6,85096.9,83082.4,81589.0,80441.4,79533.7,78799.4,78193.4,77685.8,55454.3,45922.6,40167.2,36256.7,33387.8,31175.6,29405.1,27951.1,26730.9,25689.8,24788.9,24001.7
080-200-125,0.0125,80,2.0,109367.0,95621.5,88788.1,84770.3,82148.6,80313.4,78962.4,77929.1,77115.9,76458.5,75918.0,75466.4,53195.9,43497.9,37782.5,33936.9,31135.4,28983.8,27267.4,25860.7,24682.5,23678.3,22811.8,22055.1
080-200-150,0.015,80,2.0,105835.0,92368.3,85874.4,82116.0,79689.4,78002.5,76764.9,75822.6,75081.8,74485.5,73995.9,73587.2,51256.1,41462.2,35798.0,32022.0,29284.2,27188.6,25520.9,24156.8,23015.2,22044.7,21208.0,20478.1
080-200-175,0.0175,80,2.0,102784.0,89619.3,83421.3,79881.6,77615.2,76047.1,74903.0,74034.1,73351.7,72803.7,72354.8,71980.6,49536.4,39707.9,34101.3,30389.9,27711.1,25665.2,24041.2,22714.8,21605.9,20665.8,19855.2,19149.4
080-200-200,0.02,80,2.0,100151.0,87275.8,81339.9,77989.8,75857.9,74391.8,73324.6,72514.6,71880.8,71372.5,70955.8,70608.9,48037.1,38191.0,32640.3,28990.1,26363.1,24363.5,22778.6,21485.2,20407.2,19492.0,18704.7,18019.3
080-250-025,0.0025,80,2.5,180556.0,161983.0,150697.0,143246.0,137986.0,134100.0,131120.0,128767.0,126867.0,125299.0,123986.0,122874.0,89336.9,78058.7,70445.9,64949.4,60763.2,57454.5,54764.0,52522.0,50623.0,48987.6,47563.8,46312.0
080-250-050,0.005,80,2.5,167051.0,147784.0,137260.0,130745.0,126343.0,123193.0,120838.0,119011.0,117557.0,116375.0,115396.0,114572.0,81945.0,69403.4,61545.6,56107.3,52071.7,48941.7,46429.7,44355.0,42608.6,41116.1,39823.7,38690.5
080-250-075,0.0075,80,2.5,158134.0,139012.0,129245.0,123413.0,119581.0,116879.0,114882.0,113349.0,112138.0,111159.0,110352.0,109677.0,76984.3,63892.5,56047.8,50724.9,46839.7,43844.3,41453.4,39485.8,37837.5,36430.3,35213.4,34148.5
080-250-100,0.01,80,2.5,151355.0,132700.0,123583.0,118278.0,114841.0,112447.0,110690.0,109350.0,108296.0,107447.0,106750.0,106167.0,73163.6,59825.3,52051.9,46857.7,43087.5,40195.6,37893.1,36006.8,34426.5,33079.6,31917.5,30901.6
080-250-125,0.0125,80,2.5,145956.0,127787.0,119228.0,114333.0,111202.0,109041.0,107462.0,106264.0,105325.0,104570.0,103951.0,103435.0,70056.6,56591.7,48914.8,43823.9,40153.8,37351.0,35122.0,33301.6,31777.9,30481.8,29363.0,28386.8
080-250-150,0.015,80,2.5,141300.0,123672.0,115589.0,111044.0,108160.0,106177.0,104736.0,103645.0,102793.0,102110.0,101550.0,101083.0,67394.7,53883.9,46302.1,41323.2,37743.3,35016.3,32853.2,31085.8,29609.6,28356.2,27276.0,26333.2
080-250-175,0.0175,80,2.5,137364.0,120216.0,112542.0,108281.0,105596.0,103761.0,102432.0,101429.0,100646.0,100018.0,99505.6,99079.1,65111.1,51587.0,44096.0,39207.0,35704.3,33043.1,30935.6,29217.0,27785.0,26567.8,25521.4,24610.6
080-250-200,0.02,80,2.5,133896.0,117233.0,109933.0,105915.0,103402.0,101690.0,100454.0,99521.3,98794.5,98212.9,97737.7,97343.2,63092.8,49579.2,42188.2,37385.2,33957.5,31355.8,29300.3,27625.6,26231.7,25049.2,24032.2,23147.2
080-300-025,0.0025,80,3.0,234053.0,209048.0,194483.0,185102.0,178614.0,173880.0,170289.0,167480.0,165224.0,163376.0,161839.0,160540.0,115387.0,99849.3,89657.8,82413.7,76964.4,72684.5,69224.6,66361.3,63937.3,61859.3,60056.8,58472.7
080-300-050,0.005,80,3.0,216126.0,190808.0,177554.0,169574.0,164278.0,160535.0,157756.0,155619.0,153929.0,152561.0,151431.0,150485.0,105410.0,88391.2,78021.1,70962.1,65774.4,61772.3,58566.1,55933.6,53720.2,51832.9,50198.8,48768.6
080-300-075,0.0075,80,3.0,204489.0,179759.0,167670.0,160627.0,156065.0,152886.0,150556.0,148780.0,147385.0,146261.0,145337.0,144565.0,98732.6,81146.6,70893.4,64041.9,59061.2,55245.0,52205.3,49712.5,47624.9,45846.7,44307.4,42962.9
080-300-100,0.01,80,3.0,195763.0,171876.0,160696.0,154351.0,150301.0,147509.0,145475.0,143930.0,142723.0,141754.0,140960.0,140297.0,93654.5,75851.3,65744.7,59074.0,54264.3,50589.8,47667.7,45277.5,43277.5,41577.1,40106.8,38822.1
080-300-125,0.0125,80,3.0,188782.0,165722.0,155296.0,149479.0,145805.0,143292.0,141472.0,140096.0,139021.0,138161.0,137457.0,136871.0,89554.8,71677.7,61719.2,55201.7,50521.2,46958.4,44133.5,41824.6,39895.9,38257.4,36842.6,35606.8
080-300-150,0.015,80,3.0,182819.0,160585.0,150807.0,145429.0,142062.0,139772.0,138118.0,136870.0,135899.0,135122.0,134487.0,133959.0,86045.3,68176.8,58374.4,51999.6,47440.7,43977.9,41234.9,38996.6,37129.1,35542.8,34174.6,32982.7
080-300-175,0.0175,80,3.0,177780.0,156328.0,147097.0,142080.0,138962.0,136845.0,135321.0,134177.0,133287.0,132575.0,131994.0,131511.0,83014.5,65212.9,55550.5,49301.0,44848.0,41469.2,38797.6,36623.9,34811.5,33272.7,31948.6,30795.2
080-300-200,0.02,80,3.0,173300.0,152561.0,143822.0,139113.0,136203.0,134235.0,132822.0,131762.0,130937.0,130279.0,129742.0,129296.0,80340.6,62604.4,53084.9,46957.6,42600.3,39299.7,36695.2,34579.3,32815.3,31320.3,30035.6,28917.6
